ISO-10303-21;
HEADER;
FILE_DESCRIPTION (( 'STEP AP214' ),
    '1' );
FILE_NAME ('INJC-2X8NPT-38NPT-250T20-2XO230-BLANK Injector, Blank, Mojave Sphinx.STEP',
    '2026-09-24T01:53:11',
    ( '' ),
    ( '' ),
    'SwSTEP 2.0',
    'SolidWorks 2024',
    '' );
FILE_SCHEMA (( 'AUTOMOTIVE_DESIGN' ));
ENDSEC;

DATA;
#1 = FACE_OUTER_BOUND ( 'NONE', #171, .T. ) ;
#2 = CARTESIAN_POINT ( 'NONE',  ( 5.260357052880983122E-17, 0.6000000000000001998, 0.000000000000000000 ) ) ;
#3 = CIRCLE ( 'NONE', #530, 0.2809999999999998610 ) ;
#4 = AXIS2_PLACEMENT_3D ( 'NONE', #241, #1331, #1124 ) ;
#5 = DIRECTION ( 'NONE',  ( 0.000000000000000000, -1.000000000000000000, 0.000000000000000000 ) ) ;
#6 = EDGE_LOOP ( 'NONE', ( #1370, #247, #582, #828 ) ) ;
#7 = DIRECTION ( 'NONE',  ( -0.000000000000000000, -1.000000000000000000, -0.000000000000000000 ) ) ;
#8 = FACE_OUTER_BOUND ( 'NONE', #965, .T. ) ;
#9 = CARTESIAN_POINT ( 'NONE',  ( -0.6089782229408903236, 0.3930960672991005711, 0.06754789864902496777 ) ) ;
#10 = DIRECTION ( 'NONE',  ( -1.214000825110214424E-16, 1.000000000000000000, -0.000000000000000000 ) ) ;
#11 = SURFACE_STYLE_FILL_AREA ( #1343 ) ;
#12 = ORIENTED_EDGE ( 'NONE', *, *, #902, .T. ) ;
#13 = EDGE_CURVE ( 'NONE', #1042, #713, #1149, .T. ) ;
#14 = AXIS2_PLACEMENT_3D ( 'NONE', #156, #62, #625 ) ;
#15 = CARTESIAN_POINT ( 'NONE',  ( 1.406186303493003911E-16, -0.1249999999999999029, 0.000000000000000000 ) ) ;
#16 = DIRECTION ( 'NONE',  ( -1.000000000000000000, -1.214000825110214424E-16, 0.000000000000000000 ) ) ;
#17 = ORIENTED_EDGE ( 'NONE', *, *, #1228, .F. ) ;
#18 = CARTESIAN_POINT ( 'NONE',  ( -0.5999999999999999778, 0.4749999999999997002, 0.000000000000000000 ) ) ;
#19 = CARTESIAN_POINT ( 'NONE',  ( 0.000000000000000000, 1.033307535223743967, 0.000000000000000000 ) ) ;
#20 = AXIS2_PLACEMENT_3D ( 'NONE', #1147, #1284, #852 ) ;
#21 = VERTEX_POINT ( 'NONE', #1050 ) ;
#22 = SURFACE_STYLE_USAGE ( .BOTH. , #1028 ) ;
#23 = DIRECTION ( 'NONE',  ( -1.000000000000000000, -1.365923996832131609E-16, 0.000000000000000000 ) ) ;
#24 = CARTESIAN_POINT ( 'NONE',  ( -1.250000000000000222, 0.8250000000000003997, 0.000000000000000000 ) ) ;
#25 = EDGE_CURVE ( 'NONE', #137, #663, #697, .T. ) ;
#26 = DIRECTION ( 'NONE',  ( -1.000000000000000000, -1.147835291455572360E-16, 0.000000000000000000 ) ) ;
#27 = EDGE_LOOP ( 'NONE', ( #299, #1367 ) ) ;
#28 = VERTEX_POINT ( 'NONE', #825 ) ;
#29 = ADVANCED_FACE ( 'NONE', ( #836 ), #270, .F. ) ;
#30 = ORIENTED_EDGE ( 'NONE', *, *, #623, .F. ) ;
#31 = DIRECTION ( 'NONE',  ( -0.000000000000000000, -1.000000000000000000, -0.000000000000000000 ) ) ;
#32 = ORIENTED_EDGE ( 'NONE', *, *, #1352, .F. ) ;
#33 = EDGE_CURVE ( 'NONE', #779, #1171, #55, .T. ) ;
#34 = ORIENTED_EDGE ( 'NONE', *, *, #13, .F. ) ;
#35 = DIRECTION ( 'NONE',  ( 0.000000000000000000, 0.000000000000000000, 1.000000000000000000 ) ) ;
#36 = VERTEX_POINT ( 'NONE', #255 ) ;
#37 = CIRCLE ( 'NONE', #1131, 1.190000000000000391 ) ;
#38 = CARTESIAN_POINT ( 'NONE',  ( 0.7488095882099710110, 0.2193377672423720282, -0.04360890414606961862 ) ) ;
#39 = ORIENTED_EDGE ( 'NONE', *, *, #1196, .F. ) ;
#40 = ORIENTED_EDGE ( 'NONE', *, *, #430, .F. ) ;
#41 = FACE_OUTER_BOUND ( 'NONE', #622, .T. ) ;
#42 = ORIENTED_EDGE ( 'NONE', *, *, #1219, .F. ) ;
#43 = ORIENTED_EDGE ( 'NONE', *, *, #1328, .T. ) ;
#44 = FACE_BOUND ( 'NONE', #823, .T. ) ;
#45 = VERTEX_POINT ( 'NONE', #49 ) ;
#46 = EDGE_CURVE ( 'NONE', #496, #514, #427, .T. ) ;
#47 = LINE ( 'NONE', #1255, #1186 ) ;
#48 = CARTESIAN_POINT ( 'NONE',  ( -0.5999999999999999778, -3.414809992080329023E-17, 0.06799999999999972733 ) ) ;
#49 = CARTESIAN_POINT ( 'NONE',  ( 1.249999999999999556, 0.5000000000000002220, 1.530808498934191078E-16 ) ) ;
#50 = EDGE_CURVE ( 'NONE', #143, #353, #1044, .T. ) ;
#51 = CARTESIAN_POINT ( 'NONE',  ( 1.254436200354227016E-16, 1.365923996832131609E-16, 0.000000000000000000 ) ) ;
#52 = CARTESIAN_POINT ( 'NONE',  ( -0.5335517551179891349, 0.4765801263629088069, -0.007061046722374560852 ) ) ;
#53 = ORIENTED_EDGE ( 'NONE', *, *, #540, .F. ) ;
#54 = DIRECTION ( 'NONE',  ( -1.214000825110214424E-16, 1.000000000000000000, -0.000000000000000000 ) ) ;
#55 = CIRCLE ( 'NONE', #262, 1.250000000000000222 ) ;
#56 = FACE_OUTER_BOUND ( 'NONE', #923, .T. ) ;
#57 = DIRECTION ( 'NONE',  ( -0.000000000000000000, -1.000000000000000000, -0.000000000000000000 ) ) ;
#58 = ORIENTED_EDGE ( 'NONE', *, *, #1371, .F. ) ;
#59 = VECTOR ( 'NONE', #664, 39.37007874015748143 ) ;
#60 = CIRCLE ( 'NONE', #889, 0.1659999999999999531 ) ;
#61 =( NAMED_UNIT ( * ) SI_UNIT ( $, .STERADIAN. ) SOLID_ANGLE_UNIT ( ) );
#62 = DIRECTION ( 'NONE',  ( -0.000000000000000000, 1.000000000000000000, -0.000000000000000000 ) ) ;
#63 = AXIS2_PLACEMENT_3D ( 'NONE', #18, #455, #913 ) ;
#64 = ORIENTED_EDGE ( 'NONE', *, *, #140, .T. ) ;
#65 = CARTESIAN_POINT ( 'NONE',  ( 3.742856021493214167E-17, 0.7250000000000003109, 0.000000000000000000 ) ) ;
#66 = CARTESIAN_POINT ( 'NONE',  ( -1.165000000000000258, -0.1250000000000000555, 0.000000000000000000 ) ) ;
#67 = DIRECTION ( 'NONE',  ( -1.214000825110214424E-16, 1.000000000000000000, -0.000000000000000000 ) ) ;
#68 = AXIS2_PLACEMENT_3D ( 'NONE', #1059, #54, #174 ) ;
#69 = DIRECTION ( 'NONE',  ( -1.214000825110214424E-16, 1.000000000000000000, -0.000000000000000000 ) ) ;
#70 = DIRECTION ( 'NONE',  ( -1.214000825110214424E-16, 1.000000000000000000, -0.000000000000000000 ) ) ;
#71 = ORIENTED_EDGE ( 'NONE', *, *, #334, .F. ) ;
#72 = ADVANCED_FACE ( 'NONE', ( #491 ), #798, .F. ) ;
#73 = CARTESIAN_POINT ( 'NONE',  ( -0.5353400000000000380, 0.4247428627585752570, -0.02104957006686764345 ) ) ;
#74 = DIRECTION ( 'NONE',  ( -1.214000825110214424E-16, 1.000000000000000000, -0.000000000000000000 ) ) ;
#75 = DIRECTION ( 'NONE',  ( -1.214000825110214424E-16, 1.000000000000000000, -0.000000000000000000 ) ) ;
#76 = DIRECTION ( 'NONE',  ( 0.000000000000000000, 0.000000000000000000, 1.000000000000000000 ) ) ;
#77 = CARTESIAN_POINT ( 'NONE',  ( 0.000000000000000000, 1.033307535223743967, 0.000000000000000000 ) ) ;
#78 = ORIENTED_EDGE ( 'NONE', *, *, #385, .T. ) ;
#79 = AXIS2_PLACEMENT_3D ( 'NONE', #1207, #1311, #421 ) ;
#80 = DIRECTION ( 'NONE',  ( 1.214000825110214424E-16, -1.000000000000000000, 0.000000000000000000 ) ) ;
#81 = CARTESIAN_POINT ( 'NONE',  ( -1.250000000000000222, 0.8250000000000001776, 0.000000000000000000 ) ) ;
#82 = AXIS2_PLACEMENT_3D ( 'NONE', #260, #831, #35 ) ;
#83 = FACE_OUTER_BOUND ( 'NONE', #668, .T. ) ;
#84 = EDGE_LOOP ( 'NONE', ( #266, #409, #43, #267 ) ) ;
#85 = CARTESIAN_POINT ( 'NONE',  ( -0.5353399999999998160, 0.4247428627585751459, 0.02104957006686714038 ) ) ;
#86 = FACE_OUTER_BOUND ( 'NONE', #1223, .T. ) ;
#87 = ORIENTED_EDGE ( 'NONE', *, *, #25, .T. ) ;
#88 = LINE ( 'NONE', #1418, #1356 ) ;
#89 = DIRECTION ( 'NONE',  ( -1.000000000000000000, -1.365923996832130870E-16, 0.000000000000000000 ) ) ;
#90 = AXIS2_PLACEMENT_3D ( 'NONE', #106, #1406, #1292 ) ;
#91 = CARTESIAN_POINT ( 'NONE',  ( -1.250000000000000222, 1.033307535223743967, 0.000000000000000000 ) ) ;
#92 = EDGE_LOOP ( 'NONE', ( #736, #817 ) ) ;
#93 = DIRECTION ( 'NONE',  ( -1.000000000000000000, -1.147835291455572360E-16, 0.000000000000000000 ) ) ;
#94 = APPLICATION_PROTOCOL_DEFINITION ( 'draft international standard', 'automotive_design', 1998, #609 ) ;
#95 = EDGE_LOOP ( 'NONE', ( #376, #701, #422, #601 ) ) ;
#96 = CARTESIAN_POINT ( 'NONE',  ( 5.260357052880981889E-17, 0.6000000000000003109, 0.000000000000000000 ) ) ;
#97 = CARTESIAN_POINT ( 'NONE',  ( -1.250000000000000222, -0.2250000000000002554, 0.000000000000000000 ) ) ;
#98 = EDGE_CURVE ( 'NONE', #463, #254, #476, .T. ) ;
#99 = DIRECTION ( 'NONE',  ( 0.000000000000000000, 0.000000000000000000, 1.000000000000000000 ) ) ;
#100 = DIRECTION ( 'NONE',  ( 1.000000000000000000, 1.214000825110214424E-16, 0.000000000000000000 ) ) ;
#101 = EDGE_LOOP ( 'NONE', ( #676, #930, #1364, #472 ) ) ;
#102 = CYLINDRICAL_SURFACE ( 'NONE', #652, 1.000000000000000000 ) ;
#103 = PRODUCT_DEFINITION_CONTEXT ( 'detailed design', #500, 'design' ) ;
#104 = CARTESIAN_POINT ( 'NONE',  ( -0.5727921448486562594, 0.4102449463548486497, 0.06395785521708297061 ) ) ;
#105 = ORIENTED_EDGE ( 'NONE', *, *, #1049, .T. ) ;
#106 = CARTESIAN_POINT ( 'NONE',  ( 2.528855196382997401E-17, 0.8250000000000005107, 0.000000000000000000 ) ) ;
#107 = AXIS2_PLACEMENT_3D ( 'NONE', #651, #1090, #793 ) ;
#108 = ORIENTED_EDGE ( 'NONE', *, *, #1105, .F. ) ;
#109 = CARTESIAN_POINT ( 'NONE',  ( -0.6176673774651321169, 0.3884729577310001014, -0.06624004247809144041 ) ) ;
#110 = DIRECTION ( 'NONE',  ( -1.000000000000000000, -1.172466950070498631E-16, 0.000000000000000000 ) ) ;
#111 = CIRCLE ( 'NONE', #1322, 1.250000000000000222 ) ;
#112 = ADVANCED_FACE ( 'NONE', ( #729 ), #1378, .F. ) ;
#113 = VECTOR ( 'NONE', #618, 39.37007874015748143 ) ;
#114 =( NAMED_UNIT ( * ) SI_UNIT ( $, .STERADIAN. ) SOLID_ANGLE_UNIT ( ) );
#115 = EDGE_CURVE ( 'NONE', #1253, #463, #1313, .T. ) ;
#116 = ORIENTED_EDGE ( 'NONE', *, *, #931, .F. ) ;
#117 = CARTESIAN_POINT ( 'NONE',  ( 0.8999999999999998002, 0.2500000000000000555, 0.000000000000000000 ) ) ;
#118 = DIRECTION ( 'NONE',  ( 0.000000000000000000, 0.000000000000000000, -1.000000000000000000 ) ) ;
#119 = ORIENTED_EDGE ( 'NONE', *, *, #1081, .T. ) ;
#120 = CARTESIAN_POINT ( 'NONE',  ( 0.000000000000000000, 1.033307535223743967, 0.000000000000000000 ) ) ;
#121 = EDGE_LOOP ( 'NONE', ( #71, #1290 ) ) ;
#122 = DIRECTION ( 'NONE',  ( -1.214000825110214424E-16, 1.000000000000000000, -0.000000000000000000 ) ) ;
#123 = ADVANCED_FACE ( 'NONE', ( #920, #1240, #1135 ), #139, .T. ) ;
#124 = AXIS2_PLACEMENT_3D ( 'NONE', #490, #69, #512 ) ;
#125 = DIRECTION ( 'NONE',  ( 0.000000000000000000, -1.000000000000000000, 0.000000000000000000 ) ) ;
#126 = VECTOR ( 'NONE', #74, 39.37007874015748143 ) ;
#127 = CARTESIAN_POINT ( 'NONE',  ( 3.742856021493214167E-17, 0.7250000000000003109, 0.000000000000000000 ) ) ;
#128 = ORIENTED_EDGE ( 'NONE', *, *, #33, .T. ) ;
#129 = EDGE_CURVE ( 'NONE', #1424, #353, #450, .T. ) ;
#130 = AXIS2_PLACEMENT_3D ( 'NONE', #585, #1373, #155 ) ;
#131 = CARTESIAN_POINT ( 'NONE',  ( 1.165000000000000924, 0.3500000000000003664, 1.426713521006667395E-16 ) ) ;
#132 = CARTESIAN_POINT ( 'NONE',  ( 8.295359115656519798E-17, 0.3500000000000002554, 0.000000000000000000 ) ) ;
#133 = CIRCLE ( 'NONE', #1270, 1.165000000000000702 ) ;
#134 = VERTEX_POINT ( 'NONE', #734 ) ;
#135 = DIRECTION ( 'NONE',  ( -1.000000000000000000, -1.092739197465705041E-16, 0.000000000000000000 ) ) ;
#136 = CIRCLE ( 'NONE', #1072, 1.165000000000000480 ) ;
#137 = VERTEX_POINT ( 'NONE', #603 ) ;
#138 = EDGE_CURVE ( 'NONE', #1261, #378, #567, .T. ) ;
#139 = PLANE ( 'NONE',  #375 ) ;
#140 = EDGE_CURVE ( 'NONE', #223, #1139, #1281, .T. ) ;
#141 = ORIENTED_EDGE ( 'NONE', *, *, #1354, .F. ) ;
#142 = CARTESIAN_POINT ( 'NONE',  ( -0.5999999999999999778, -0.2250000000000001998, 0.000000000000000000 ) ) ;
#143 = VERTEX_POINT ( 'NONE', #165 ) ;
#144 = EDGE_LOOP ( 'NONE', ( #745, #1365, #813, #276 ) ) ;
#145 = CARTESIAN_POINT ( 'NONE',  ( 0.8999999999999998002, 0.8250000000000005107, 0.000000000000000000 ) ) ;
#146 = ORIENTED_EDGE ( 'NONE', *, *, #526, .T. ) ;
#147 = VECTOR ( 'NONE', #927, 39.37007874015748143 ) ;
#148 = ORIENTED_EDGE ( 'NONE', *, *, #653, .T. ) ;
#149 = EDGE_LOOP ( 'NONE', ( #527, #715, #40, #833 ) ) ;
#150 = LINE ( 'NONE', #627, #635 ) ;
#151 = ORIENTED_EDGE ( 'NONE', *, *, #865, .T. ) ;
#152 = VERTEX_POINT ( 'NONE', #944 ) ;
#153 = CIRCLE ( 'NONE', #384, 1.165000000000000480 ) ;
#154 = EDGE_CURVE ( 'NONE', #713, #1332, #248, .T. ) ;
#155 = DIRECTION ( 'NONE',  ( 0.000000000000000000, 0.000000000000000000, 1.000000000000000000 ) ) ;
#156 = CARTESIAN_POINT ( 'NONE',  ( 0.8999999999999998002, 0.8250000000000005107, 0.000000000000000000 ) ) ;
#157 = VECTOR ( 'NONE', #1203, 39.37007874015748143 ) ;
#158 = ORIENTED_EDGE ( 'NONE', *, *, #1144, .T. ) ;
#159 = CARTESIAN_POINT ( 'NONE',  ( -1.250000000000000222, 0.02499999999999990077, 0.000000000000000000 ) ) ;
#160 = ADVANCED_FACE ( 'NONE', ( #613 ), #860, .T. ) ;
#161 = CARTESIAN_POINT ( 'NONE',  ( 0.000000000000000000, 1.033307535223743967, 0.000000000000000000 ) ) ;
#162 = CARTESIAN_POINT ( 'NONE',  ( -0.5353400000000002601, 0.1249999999999997641, -0.02104957006686836510 ) ) ;
#163 = ORIENTED_EDGE ( 'NONE', *, *, #1402, .T. ) ;
#164 = DIRECTION ( 'NONE',  ( 0.000000000000000000, 0.000000000000000000, -1.000000000000000000 ) ) ;
#165 = CARTESIAN_POINT ( 'NONE',  ( 0.8999999999999998002, 0.2500000000000000555, -0.1659999999999999531 ) ) ;
#166 = VERTEX_POINT ( 'NONE', #280 ) ;
#167 = CARTESIAN_POINT ( 'NONE',  ( -0.5999999999999999778, 0.3976619134256554888, -0.06799999999999972733 ) ) ;
#168 = CARTESIAN_POINT ( 'NONE',  ( 0.8999999999999998002, 0.8250000000000005107, -0.1659999999999999531 ) ) ;
#169 = CYLINDRICAL_SURFACE ( 'NONE', #197, 1.250000000000000000 ) ;
#170 = DIRECTION ( 'NONE',  ( 0.000000000000000000, 0.000000000000000000, 1.000000000000000000 ) ) ;
#171 = EDGE_LOOP ( 'NONE', ( #141, #936, #536, #502 ) ) ;
#172 = CARTESIAN_POINT ( 'NONE',  ( -1.250000000000000222, 0.6000000000000001998, 0.000000000000000000 ) ) ;
#173 = ORIENTED_EDGE ( 'NONE', *, *, #1144, .F. ) ;
#174 = DIRECTION ( 'NONE',  ( -1.000000000000000000, -1.172466950070498631E-16, 0.000000000000000000 ) ) ;
#175 = CARTESIAN_POINT ( 'NONE',  ( 0.7471911111111115833, 0.2247428627585756622, -0.06484939071836669233 ) ) ;
#176 = ADVANCED_FACE ( 'NONE', ( #1298 ), #796, .T. ) ;
#177 = LINE ( 'NONE', #393, #431 ) ;
#178 = CARTESIAN_POINT ( 'NONE',  ( -6.574249301555211086E-17, 0.8250000000000003997, -0.2809999999999999720 ) ) ;
#179 = EDGE_CURVE ( 'NONE', #45, #656, #229, .T. ) ;
#180 = ADVANCED_FACE ( 'NONE', ( #8 ), #887, .T. ) ;
#181 = AXIS2_PLACEMENT_3D ( 'NONE', #172, #592, #377 ) ;
#182 = DIRECTION ( 'NONE',  ( -0.000000000000000000, 1.000000000000000000, -0.000000000000000000 ) ) ;
#183 = VECTOR ( 'NONE', #125, 39.37007874015748143 ) ;
#184 = VERTEX_POINT ( 'NONE', #903 ) ;
#185 = DIRECTION ( 'NONE',  ( -0.000000000000000000, 1.000000000000000000, -0.000000000000000000 ) ) ;
#186 = PLANE ( 'NONE',  #933 ) ;
#187 = CYLINDRICAL_SURFACE ( 'NONE', #879, 1.190000000000000391 ) ;
#188 = CIRCLE ( 'NONE', #361, 1.250000000000000222 ) ;
#189 = EDGE_CURVE ( 'NONE', #143, #1097, #1104, .T. ) ;
#190 = EDGE_LOOP ( 'NONE', ( #1117, #492, #105, #984, #925 ) ) ;
#191 = EDGE_CURVE ( 'NONE', #1041, #704, #470, .T. ) ;
#192 = ORIENTED_EDGE ( 'NONE', *, *, #738, .T. ) ;
#193 = DIRECTION ( 'NONE',  ( 0.000000000000000000, -1.000000000000000000, 0.000000000000000000 ) ) ;
#194 = CARTESIAN_POINT ( 'NONE',  ( -1.249999999999999556, 0.5000000000000000000, 0.000000000000000000 ) ) ;
#195 = AXIS2_PLACEMENT_3D ( 'NONE', #655, #532, #1084 ) ;
#196 = CARTESIAN_POINT ( 'NONE',  ( 1.250000000000000888, -0.2249999999999997835, 1.530808498934192064E-16 ) ) ;
#197 = AXIS2_PLACEMENT_3D ( 'NONE', #161, #484, #968 ) ;
#198 = ORIENTED_EDGE ( 'NONE', *, *, #569, .T. ) ;
#199 = CYLINDRICAL_SURFACE ( 'NONE', #107, 0.06799999999999972733 ) ;
#200 = CARTESIAN_POINT ( 'NONE',  ( 0.000000000000000000, 1.033307535223743967, 0.000000000000000000 ) ) ;
#201 = DIRECTION ( 'NONE',  ( -1.214000825110214424E-16, 1.000000000000000000, -0.000000000000000000 ) ) ;
#202 = DIRECTION ( 'NONE',  ( -0.000000000000000000, 1.000000000000000000, -0.000000000000000000 ) ) ;
#203 = CIRCLE ( 'NONE', #521, 1.250000000000000222 ) ;
#204 = VERTEX_POINT ( 'NONE', #1345 ) ;
#205 = CARTESIAN_POINT ( 'NONE',  ( -1.001550680715927337E-16, 0.3250000000000003442, 0.2809999999999998610 ) ) ;
#206 = DIRECTION ( 'NONE',  ( -1.214000825110214424E-16, 1.000000000000000000, -0.000000000000000000 ) ) ;
#207 = AXIS2_PLACEMENT_3D ( 'NONE', #15, #1337, #804 ) ;
#208 = CARTESIAN_POINT ( 'NONE',  ( -1.001550680715927337E-16, 0.2165446582655255747, 0.1004999999999999782 ) ) ;
#209 = LINE ( 'NONE', #444, #579 ) ;
#210 = EDGE_CURVE ( 'NONE', #36, #821, #404, .T. ) ;
#211 = CIRCLE ( 'NONE', #893, 1.250000000000000222 ) ;
#212 = FACE_OUTER_BOUND ( 'NONE', #767, .T. ) ;
#213 = EDGE_LOOP ( 'NONE', ( #1268, #336, #281, #580, #1000, #288 ) ) ;
#214 = CONICAL_SURFACE ( 'NONE', #63, 0.06799999999999986611, 1.029744258676650981 ) ;
#215 = UNCERTAINTY_MEASURE_WITH_UNIT (LENGTH_MEASURE( 1.000000000000000082E-05 ), #1392, 'distance_accuracy_value', 'NONE');
#216 = FACE_BOUND ( 'NONE', #608, .T. ) ;
#217 = ORIENTED_EDGE ( 'NONE', *, *, #504, .T. ) ;
#218 = DIRECTION ( 'NONE',  ( -1.000000000000000000, -1.229331597148918448E-16, 0.000000000000000000 ) ) ;
#219 = AXIS2_PLACEMENT_3D ( 'NONE', #278, #851, #976 ) ;
#220 = CARTESIAN_POINT ( 'NONE',  ( 1.406186303493003911E-16, -0.1249999999999999029, 0.000000000000000000 ) ) ;
#221 = EDGE_CURVE ( 'NONE', #858, #1299, #1126, .T. ) ;
#222 = AXIS2_PLACEMENT_3D ( 'NONE', #741, #1256, #170 ) ;
#223 = VERTEX_POINT ( 'NONE', #131 ) ;
#224 = LINE ( 'NONE', #678, #1130 ) ;
#225 = ADVANCED_FACE ( 'NONE', ( #429, #322 ), #333, .T. ) ;
#226 = MECHANICAL_DESIGN_GEOMETRIC_PRESENTATION_REPRESENTATION (  '', ( #803 ), #680 ) ;
#227 = EDGE_LOOP ( 'NONE', ( #600, #878 ) ) ;
#228 = CARTESIAN_POINT ( 'NONE',  ( -1.165000000000000258, -0.1250000000000000278, 0.000000000000000000 ) ) ;
#229 = LINE ( 'NONE', #457, #1148 ) ;
#230 = EDGE_CURVE ( 'NONE', #980, #663, #789, .T. ) ;
#231 = CARTESIAN_POINT ( 'NONE',  ( -0.6339357323287356794, 0.3784267050448138492, 0.05957381788127986966 ) ) ;
#232 = EDGE_CURVE ( 'NONE', #1171, #779, #203, .T. ) ;
#233 = DIRECTION ( 'NONE',  ( -1.214000825110214424E-16, 1.000000000000000000, -0.000000000000000000 ) ) ;
#234 = DIRECTION ( 'NONE',  ( 1.000000000000000000, 1.214000825110214424E-16, 0.000000000000000000 ) ) ;
#235 = B_SPLINE_CURVE_WITH_KNOTS ( 'NONE', 3,
 ( #1398, #426, #644, #1214, #780, #523, #765, #892, #435, #541 ),
 .UNSPECIFIED., .F., .F.,
 ( 4, 2, 2, 2, 4 ),
 ( 0.008363208542066027928, 0.008933646442299934473, 0.009504084342533841018, 0.01007452224276774756, 0.01064496014300165411 ),
 .UNSPECIFIED. ) ;
#236 = DIRECTION ( 'NONE',  ( -1.214000825110214424E-16, 1.000000000000000000, -0.000000000000000000 ) ) ;
#237 = DIRECTION ( 'NONE',  ( -1.000000000000000000, -1.092739197465704671E-16, 0.000000000000000000 ) ) ;
#238 = CARTESIAN_POINT ( 'NONE',  ( -7.679493037785697682E-17, 0.2165446582655255747, -0.1004999999999999782 ) ) ;
#239 = ORIENTED_EDGE ( 'NONE', *, *, #240, .T. ) ;
#240 = EDGE_CURVE ( 'NONE', #1299, #560, #907, .T. ) ;
#241 = CARTESIAN_POINT ( 'NONE',  ( 5.260357052880983122E-17, 0.6000000000000001998, 0.000000000000000000 ) ) ;
#242 = VERTEX_POINT ( 'NONE', #327 ) ;
#243 = CARTESIAN_POINT ( 'NONE',  ( -0.9999999999999998890, -0.2250000000000006162, 0.000000000000000000 ) ) ;
#244 = ORIENTED_EDGE ( 'NONE', *, *, #606, .T. ) ;
#245 = CONICAL_SURFACE ( 'NONE', #1066, 0.1659999999999999531, 1.029744258676653645 ) ;
#246 = EDGE_CURVE ( 'NONE', #454, #1410, #1336, .T. ) ;
#247 = ORIENTED_EDGE ( 'NONE', *, *, #1061, .T. ) ;
#248 = B_SPLINE_CURVE_WITH_KNOTS ( 'NONE', 3,
 ( #464, #52, #403, #495 ),
 .UNSPECIFIED., .F., .F.,
 ( 4, 4 ),
 ( 1.773753777235484477E-06, 0.001071308365493143112 ),
 .UNSPECIFIED. ) ;
#249 = DIRECTION ( 'NONE',  ( -1.000000000000000000, -1.092739197465705041E-16, 0.000000000000000000 ) ) ;
#250 = CARTESIAN_POINT ( 'NONE',  ( 0.8999999999999998002, 0.2247428627585756622, 0.000000000000000000 ) ) ;
#251 = VECTOR ( 'NONE', #406, 39.37007874015748143 ) ;
#252 = DIRECTION ( 'NONE',  ( -1.000000000000000000, -1.209106542260201737E-16, 0.000000000000000000 ) ) ;
#253 = ORIENTED_EDGE ( 'NONE', *, *, #33, .F. ) ;
#254 = VERTEX_POINT ( 'NONE', #781 ) ;
#255 = CARTESIAN_POINT ( 'NONE',  ( 1.165000000000000480, -0.1249999999999997641, 1.426713521006667148E-16 ) ) ;
#256 = DIRECTION ( 'NONE',  ( -1.214000825110214424E-16, 1.000000000000000000, -0.000000000000000000 ) ) ;
#257 = ORIENTED_EDGE ( 'NONE', *, *, #368, .T. ) ;
#258 = ORIENTED_EDGE ( 'NONE', *, *, #115, .T. ) ;
#259 = DIRECTION ( 'NONE',  ( -1.000000000000000000, -1.365923996832130870E-16, 0.000000000000000000 ) ) ;
#260 = CARTESIAN_POINT ( 'NONE',  ( -0.7000000000000000666, 0.4247428627585752570, 0.000000000000000000 ) ) ;
#261 = EDGE_CURVE ( 'NONE', #794, #242, #508, .T. ) ;
#262 = AXIS2_PLACEMENT_3D ( 'NONE', #1249, #1157, #939 ) ;
#263 = CARTESIAN_POINT ( 'NONE',  ( 1.224086179726471982E-16, 0.02500000000000000486, 0.000000000000000000 ) ) ;
#264 = EDGE_CURVE ( 'NONE', #454, #1261, #209, .T. ) ;
#265 = CONICAL_SURFACE ( 'NONE', #1288, 0.2809999999999998610, 1.029744258676653645 ) ;
#266 = ORIENTED_EDGE ( 'NONE', *, *, #1061, .F. ) ;
#267 = ORIENTED_EDGE ( 'NONE', *, *, #1032, .F. ) ;
#268 = DIRECTION ( 'NONE',  ( -1.214000825110214424E-16, 1.000000000000000000, -0.000000000000000000 ) ) ;
#269 = DIRECTION ( 'NONE',  ( -1.000000000000000000, -1.147835291455572360E-16, 0.000000000000000000 ) ) ;
#270 = CYLINDRICAL_SURFACE ( 'NONE', #1286, 0.1659999999999999531 ) ;
#271 = ORIENTED_EDGE ( 'NONE', *, *, #591, .T. ) ;
#272 = ORIENTED_EDGE ( 'NONE', *, *, #814, .T. ) ;
#273 = CIRCLE ( 'NONE', #20, 1.190000000000000391 ) ;
#274 = EDGE_LOOP ( 'NONE', ( #362, #891, #584, #349, #1080, #325, #900, #1305 ) ) ;
#275 = ADVANCED_FACE ( 'NONE', ( #1115 ), #214, .F. ) ;
#276 = ORIENTED_EDGE ( 'NONE', *, *, #129, .T. ) ;
#277 = CARTESIAN_POINT ( 'NONE',  ( 1.165000000000000480, 1.033307535223744189, 1.426713521006667148E-16 ) ) ;
#278 = CARTESIAN_POINT ( 'NONE',  ( -1.001550680715927337E-16, 0.3250000000000003442, 0.000000000000000000 ) ) ;
#279 = DIRECTION ( 'NONE',  ( 0.000000000000000000, 0.000000000000000000, 1.000000000000000000 ) ) ;
#280 = CARTESIAN_POINT ( 'NONE',  ( -1.165000000000000480, 0.5000000000000000000, 0.000000000000000000 ) ) ;
#281 = ORIENTED_EDGE ( 'NONE', *, *, #679, .F. ) ;
#282 = FACE_BOUND ( 'NONE', #1254, .T. ) ;
#283 = ADVANCED_FACE ( 'NONE', ( #313 ), #1204, .F. ) ;
#284 = DIRECTION ( 'NONE',  ( 1.049727191138618449E-16, 0.5150380749100544886, -0.8571673007021122226 ) ) ;
#285 = VERTEX_POINT ( 'NONE', #407 ) ;
#286 = CARTESIAN_POINT ( 'NONE',  ( -0.5353400000000003711, 0.4749999999999997002, 0.02104957006686923940 ) ) ;
#287 = EDGE_LOOP ( 'NONE', ( #1188, #1079 ) ) ;
#288 = ORIENTED_EDGE ( 'NONE', *, *, #330, .F. ) ;
#289 = FACE_OUTER_BOUND ( 'NONE', #1421, .T. ) ;
#290 = DIRECTION ( 'NONE',  ( 0.000000000000000000, 0.000000000000000000, 1.000000000000000000 ) ) ;
#291 = CARTESIAN_POINT ( 'NONE',  ( 0.000000000000000000, 1.033307535223743967, 0.000000000000000000 ) ) ;
#292 = CARTESIAN_POINT ( 'NONE',  ( -0.7000000000000000666, 0.4247428627585752570, -0.1659999999999999531 ) ) ;
#293 = ORIENTED_EDGE ( 'NONE', *, *, #1371, .T. ) ;
#294 = ADVANCED_FACE ( 'NONE', ( #645 ), #531, .T. ) ;
#295 = VECTOR ( 'NONE', #681, 39.37007874015748143 ) ;
#296 = FACE_BOUND ( 'NONE', #190, .T. ) ;
#297 = CARTESIAN_POINT ( 'NONE',  ( 0.000000000000000000, 1.033307535223743967, 0.000000000000000000 ) ) ;
#298 = VECTOR ( 'NONE', #75, 39.37007874015748143 ) ;
#299 = ORIENTED_EDGE ( 'NONE', *, *, #1103, .F. ) ;
#300 = CARTESIAN_POINT ( 'NONE',  ( -0.7500000000000003331, 0.1249999999999999445, 0.000000000000000000 ) ) ;
#301 = ADVANCED_FACE ( 'NONE', ( #638, #1174, #855, #989 ), #186, .T. ) ;
#302 = LINE ( 'NONE', #535, #1140 ) ;
#303 = VERTEX_POINT ( 'NONE', #1285 ) ;
#304 = CARTESIAN_POINT ( 'NONE',  ( 1.250000000000000222, 0.8250000000000006217, 1.530808498934191817E-16 ) ) ;
#305 = CARTESIAN_POINT ( 'NONE',  ( -1.250000000000000222, 1.033307535223743967, 0.000000000000000000 ) ) ;
#306 = LINE ( 'NONE', #782, #672 ) ;
#307 = ORIENTED_EDGE ( 'NONE', *, *, #1064, .T. ) ;
#308 = DIRECTION ( 'NONE',  ( -0.000000000000000000, 1.000000000000000000, -0.000000000000000000 ) ) ;
#309 = VECTOR ( 'NONE', #372, 39.37007874015748143 ) ;
#310 = ADVANCED_FACE ( 'NONE', ( #869 ), #773, .T. ) ;
#311 = DIRECTION ( 'NONE',  ( -1.214000825110214424E-16, 1.000000000000000000, -0.000000000000000000 ) ) ;
#312 = DIRECTION ( 'NONE',  ( 0.000000000000000000, 0.000000000000000000, -1.000000000000000000 ) ) ;
#313 = FACE_OUTER_BOUND ( 'NONE', #929, .T. ) ;
#314 = AXIS2_PLACEMENT_3D ( 'NONE', #117, #561, #451 ) ;
#315 = DIRECTION ( 'NONE',  ( -1.214000825110214424E-16, 1.000000000000000000, -0.000000000000000000 ) ) ;
#316 = AXIS2_PLACEMENT_3D ( 'NONE', #200, #868, #885 ) ;
#317 = CARTESIAN_POINT ( 'NONE',  ( 1.527586386004026266E-16, -0.2250000000000004774, 0.000000000000000000 ) ) ;
#318 = FACE_OUTER_BOUND ( 'NONE', #657, .T. ) ;
#319 = VECTOR ( 'NONE', #539, 39.37007874015748143 ) ;
#320 = AXIS2_PLACEMENT_3D ( 'NONE', #1107, #311, #658 ) ;
#321 = CARTESIAN_POINT ( 'NONE',  ( -1.249999999999999556, 0.5000000000000000000, 0.000000000000000000 ) ) ;
#322 = FACE_OUTER_BOUND ( 'NONE', #1385, .T. ) ;
#323 = AXIS2_PLACEMENT_3D ( 'NONE', #837, #816, #16 ) ;
#324 = ORIENTED_EDGE ( 'NONE', *, *, #540, .T. ) ;
#325 = ORIENTED_EDGE ( 'NONE', *, *, #246, .F. ) ;
#326 = CARTESIAN_POINT ( 'NONE',  ( 0.7471911111111115833, 0.2500000000000001665, 0.06484939071836663682 ) ) ;
#327 = CARTESIAN_POINT ( 'NONE',  ( 1.250000000000000888, -0.1249999999999997363, 1.530808498934192064E-16 ) ) ;
#328 = EDGE_LOOP ( 'NONE', ( #1045, #1321 ) ) ;
#329 = CYLINDRICAL_SURFACE ( 'NONE', #339, 0.1659999999999997866 ) ;
#330 = EDGE_CURVE ( 'NONE', #587, #1404, #1164, .T. ) ;
#331 = DIRECTION ( 'NONE',  ( -1.214000825110214424E-16, 1.000000000000000000, -0.000000000000000000 ) ) ;
#332 = LINE ( 'NONE', #1221, #295 ) ;
#333 = PLANE ( 'NONE',  #838 ) ;
#334 = EDGE_CURVE ( 'NONE', #303, #560, #684, .T. ) ;
#335 = VECTOR ( 'NONE', #1160, 39.37007874015748143 ) ;
#336 = ORIENTED_EDGE ( 'NONE', *, *, #990, .T. ) ;
#337 = CARTESIAN_POINT ( 'NONE',  ( -0.5999999999999999778, 0.3976619134256554888, -0.06799999999999972733 ) ) ;
#338 = DIRECTION ( 'NONE',  ( -1.000000000000000000, -1.092739197465705657E-16, 0.000000000000000000 ) ) ;
#339 = AXIS2_PLACEMENT_3D ( 'NONE', #1118, #308, #648 ) ;
#340 = EDGE_CURVE ( 'NONE', #663, #137, #389, .T. ) ;
#341 = FACE_OUTER_BOUND ( 'NONE', #987, .T. ) ;
#342 = CIRCLE ( 'NONE', #785, 1.190000000000000391 ) ;
#343 = VECTOR ( 'NONE', #497, 39.37007874015748143 ) ;
#344 = DIRECTION ( 'NONE',  ( 0.000000000000000000, 0.000000000000000000, 1.000000000000000000 ) ) ;
#345 = PLANE ( 'NONE',  #1209 ) ;
#346 = VERTEX_POINT ( 'NONE', #399 ) ;
#347 = DIRECTION ( 'NONE',  ( -1.000000000000000000, -1.172466950070498631E-16, 0.000000000000000000 ) ) ;
#348 = FACE_OUTER_BOUND ( 'NONE', #946, .T. ) ;
#349 = ORIENTED_EDGE ( 'NONE', *, *, #154, .T. ) ;
#350 = VERTEX_POINT ( 'NONE', #175 ) ;
#351 = AXIS2_PLACEMENT_3D ( 'NONE', #1062, #57, #312 ) ;
#352 =( LENGTH_UNIT ( ) NAMED_UNIT ( * ) SI_UNIT ( $, .METRE. ) );
#353 = VERTEX_POINT ( 'NONE', #168 ) ;
#354 = ORIENTED_EDGE ( 'NONE', *, *, #1278, .F. ) ;
#355 = AXIS2_PLACEMENT_3D ( 'NONE', #1013, #1226, #118 ) ;
#356 = CIRCLE ( 'NONE', #1152, 0.1004999999999999782 ) ;
#357 = EDGE_LOOP ( 'NONE', ( #217, #64, #1351, #30 ) ) ;
#358 = AXIS2_PLACEMENT_3D ( 'NONE', #19, #1129, #237 ) ;
#359 = CIRCLE ( 'NONE', #762, 1.000000000000000000 ) ;
#360 = DIRECTION ( 'NONE',  ( 0.000000000000000000, 0.000000000000000000, -1.000000000000000000 ) ) ;
#361 = AXIS2_PLACEMENT_3D ( 'NONE', #699, #801, #249 ) ;
#362 = ORIENTED_EDGE ( 'NONE', *, *, #706, .F. ) ;
#363 = ORIENTED_EDGE ( 'NONE', *, *, #591, .F. ) ;
#364 = ADVANCED_FACE ( 'NONE', ( #1190 ), #629, .T. ) ;
#365 = DIRECTION ( 'NONE',  ( -1.214000825110214424E-16, 1.000000000000000000, -0.000000000000000000 ) ) ;
#366 = DIRECTION ( 'NONE',  ( 1.000000000000000000, 1.214000825110214671E-16, 0.000000000000000000 ) ) ;
#367 = ORIENTED_EDGE ( 'NONE', *, *, #857, .F. ) ;
#368 = EDGE_CURVE ( 'NONE', #1042, #732, #1031, .T. ) ;
#369 = ORIENTED_EDGE ( 'NONE', *, *, #974, .F. ) ;
#370 = ORIENTED_EDGE ( 'NONE', *, *, #902, .F. ) ;
#371 = CYLINDRICAL_SURFACE ( 'NONE', #68, 1.165000000000000480 ) ;
#372 = DIRECTION ( 'NONE',  ( -0.000000000000000000, 1.000000000000000000, -0.000000000000000000 ) ) ;
#373 = DIRECTION ( 'NONE',  ( -0.000000000000000000, -1.000000000000000000, -0.000000000000000000 ) ) ;
#374 = EDGE_CURVE ( 'NONE', #752, #184, #478, .T. ) ;
#375 = AXIS2_PLACEMENT_3D ( 'NONE', #1205, #969, #395 ) ;
#376 = ORIENTED_EDGE ( 'NONE', *, *, #549, .T. ) ;
#377 = DIRECTION ( 'NONE',  ( -1.000000000000000000, -1.214000825110214424E-16, 0.000000000000000000 ) ) ;
#378 = VERTEX_POINT ( 'NONE', #1060 ) ;
#379 = CARTESIAN_POINT ( 'NONE',  ( 0.000000000000000000, 1.033307535223743967, 0.000000000000000000 ) ) ;
#380 = DIRECTION ( 'NONE',  ( -1.000000000000000000, -1.172466950070498631E-16, 0.000000000000000000 ) ) ;
#381 = ORIENTED_EDGE ( 'NONE', *, *, #246, .T. ) ;
#382 = DIRECTION ( 'NONE',  ( -1.214000825110214424E-16, 1.000000000000000000, -0.000000000000000000 ) ) ;
#383 = ORIENTED_EDGE ( 'NONE', *, *, #1422, .T. ) ;
#384 = AXIS2_PLACEMENT_3D ( 'NONE', #1244, #1137, #252 ) ;
#385 = EDGE_CURVE ( 'NONE', #932, #791, #1183, .T. ) ;
#386 = DIRECTION ( 'NONE',  ( -1.214000825110214424E-16, 1.000000000000000000, -0.000000000000000000 ) ) ;
#387 = AXIS2_PLACEMENT_3D ( 'NONE', #321, #80, #100 ) ;
#388 = ORIENTED_EDGE ( 'NONE', *, *, #230, .T. ) ;
#389 = CIRCLE ( 'NONE', #894, 0.06799999999999972733 ) ;
#390 = CYLINDRICAL_SURFACE ( 'NONE', #1134, 1.250000000000000222 ) ;
#391 = CARTESIAN_POINT ( 'NONE',  ( -0.6654045607252430106, 0.3486624532994554992, 0.01920839601668083291 ) ) ;
#392 = DIRECTION ( 'NONE',  ( -0.000000000000000000, -1.000000000000000000, -0.000000000000000000 ) ) ;
#393 = CARTESIAN_POINT ( 'NONE',  ( 0.8999999999999998002, 0.8250000000000005107, 0.1659999999999999531 ) ) ;
#394 = ADVANCED_FACE ( 'NONE', ( #56 ), #958, .F. ) ;
#395 = DIRECTION ( 'NONE',  ( 1.000000000000000000, 1.214000825110214424E-16, 0.000000000000000000 ) ) ;
#396 = ORIENTED_EDGE ( 'NONE', *, *, #1113, .T. ) ;
#397 = DIRECTION ( 'NONE',  ( -1.214000825110214424E-16, 1.000000000000000000, -0.000000000000000000 ) ) ;
#398 = EDGE_CURVE ( 'NONE', #1325, #1170, #1294, .T. ) ;
#399 = CARTESIAN_POINT ( 'NONE',  ( -1.190000000000000391, 0.6000000000000001998, 0.000000000000000000 ) ) ;
#400 = CARTESIAN_POINT ( 'NONE',  ( -0.7000000000000000666, 0.8250000000000001776, -0.1659999999999997866 ) ) ;
#401 = ORIENTED_EDGE ( 'NONE', *, *, #1172, .F. ) ;
#402 = DIRECTION ( 'NONE',  ( 1.214000825110214424E-16, -1.000000000000000000, 0.000000000000000000 ) ) ;
#403 = CARTESIAN_POINT ( 'NONE',  ( -0.5335513027023778276, 0.4765805261257385350, 0.007057507706883424381 ) ) ;
#404 = CIRCLE ( 'NONE', #589, 1.165000000000000480 ) ;
#405 = ORIENTED_EDGE ( 'NONE', *, *, #1273, .F. ) ;
#406 = DIRECTION ( 'NONE',  ( -1.214000825110214424E-16, 1.000000000000000000, -0.000000000000000000 ) ) ;
#407 = CARTESIAN_POINT ( 'NONE',  ( 1.165000000000000702, 0.02500000000000014710, 1.426713521006667148E-16 ) ) ;
#408 = CARTESIAN_POINT ( 'NONE',  ( -0.5353400000000002601, 0.1249999999999997641, 0.02104957006686836510 ) ) ;
#409 = ORIENTED_EDGE ( 'NONE', *, *, #857, .T. ) ;
#410 = DIRECTION ( 'NONE',  ( -0.000000000000000000, 1.000000000000000000, -0.000000000000000000 ) ) ;
#411 = ORIENTED_EDGE ( 'NONE', *, *, #46, .T. ) ;
#412 = FACE_OUTER_BOUND ( 'NONE', #1150, .T. ) ;
#413 = FACE_OUTER_BOUND ( 'NONE', #1359, .T. ) ;
#414 = DIRECTION ( 'NONE',  ( -1.000000000000000000, -1.214000825110214424E-16, 0.000000000000000000 ) ) ;
#415 = EDGE_CURVE ( 'NONE', #932, #45, #1009, .T. ) ;
#416 = ORIENTED_EDGE ( 'NONE', *, *, #374, .F. ) ;
#417 = ADVANCED_FACE ( 'NONE', ( #348 ), #1033, .T. ) ;
#418 = CARTESIAN_POINT ( 'NONE',  ( -1.250000000000000222, 0.7250000000000000888, 0.000000000000000000 ) ) ;
#419 = CARTESIAN_POINT ( 'NONE',  ( -0.7000000000000001776, 0.3250000000000002331, 0.000000000000000000 ) ) ;
#420 = DIRECTION ( 'NONE',  ( 1.214000825110214424E-16, -1.000000000000000000, 0.000000000000000000 ) ) ;
#421 = DIRECTION ( 'NONE',  ( 0.000000000000000000, 0.000000000000000000, 1.000000000000000000 ) ) ;
#422 = ORIENTED_EDGE ( 'NONE', *, *, #261, .F. ) ;
#423 = CARTESIAN_POINT ( 'NONE',  ( -0.6000000000000000888, 0.3976619134256560995, 0.06800000000000216982 ) ) ;
#424 = CARTESIAN_POINT ( 'NONE',  ( -1.001550680715927337E-16, 0.3250000000000003442, 0.2809999999999998610 ) ) ;
#425 = ORIENTED_EDGE ( 'NONE', *, *, #1196, .T. ) ;
#426 = CARTESIAN_POINT ( 'NONE',  ( -0.5932476344444195249, 0.4010169448905024914, -0.06800000000003685041 ) ) ;
#427 = CIRCLE ( 'NONE', #882, 0.1005000000000000060 ) ;
#428 = VERTEX_POINT ( 'NONE', #24 ) ;
#429 = FACE_BOUND ( 'NONE', #941, .T. ) ;
#430 = EDGE_CURVE ( 'NONE', #791, #656, #790, .T. ) ;
#431 = VECTOR ( 'NONE', #499, 39.37007874015748143 ) ;
#432 = ORIENTED_EDGE ( 'NONE', *, *, #1350, .T. ) ;
#433 = AXIS2_PLACEMENT_3D ( 'NONE', #934, #31, #164 ) ;
#434 = EDGE_CURVE ( 'NONE', #1139, #166, #1428, .T. ) ;
#435 = CARTESIAN_POINT ( 'NONE',  ( -0.5376757451243525665, 0.4238974065770637623, -0.02822450424656156379 ) ) ;
#436 = ADVANCED_FACE ( 'NONE', ( #910 ), #1237, .F. ) ;
#437 = AXIS2_PLACEMENT_3D ( 'NONE', #1189, #193, #1099 ) ;
#438 = ORIENTED_EDGE ( 'NONE', *, *, #1177, .T. ) ;
#439 = VECTOR ( 'NONE', #692, 39.37007874015748143 ) ;
#440 = DIRECTION ( 'NONE',  ( -1.000000000000000000, -1.365923996832131609E-16, 0.000000000000000000 ) ) ;
#441 = CARTESIAN_POINT ( 'NONE',  ( 6.474357877991199272E-17, 0.5000000000000001110, 0.000000000000000000 ) ) ;
#442 = EDGE_CURVE ( 'NONE', #166, #1139, #136, .T. ) ;
#443 = DIRECTION ( 'NONE',  ( 0.000000000000000000, 0.000000000000000000, 1.000000000000000000 ) ) ;
#444 = CARTESIAN_POINT ( 'NONE',  ( -0.7000000000000000666, 0.8250000000000001776, 0.1659999999999997866 ) ) ;
#445 = EDGE_CURVE ( 'NONE', #858, #303, #921, .T. ) ;
#446 = ORIENTED_EDGE ( 'NONE', *, *, #261, .T. ) ;
#447 = FACE_OUTER_BOUND ( 'NONE', #507, .T. ) ;
#448 = DIRECTION ( 'NONE',  ( -1.214000825110214424E-16, 1.000000000000000000, -0.000000000000000000 ) ) ;
#449 = CARTESIAN_POINT ( 'NONE',  ( 6.474357877991199272E-17, 0.5000000000000001110, 0.000000000000000000 ) ) ;
#450 = CIRCLE ( 'NONE', #14, 0.1659999999999999531 ) ;
#451 = DIRECTION ( 'NONE',  ( 1.000000000000000000, 2.057114453060439672E-16, 0.000000000000000000 ) ) ;
#452 = DIRECTION ( 'NONE',  ( -1.000000000000000000, -1.092739197465705041E-16, 0.000000000000000000 ) ) ;
#453 = LENGTH_MEASURE_WITH_UNIT ( LENGTH_MEASURE( 0.02539999999999999897 ), #352 );
#454 = VERTEX_POINT ( 'NONE', #904 ) ;
#455 = DIRECTION ( 'NONE',  ( -0.000000000000000000, -1.000000000000000000, -0.000000000000000000 ) ) ;
#456 = PRODUCT_DEFINITION ( 'UNKNOWN', '', #538, #103 ) ;
#457 = CARTESIAN_POINT ( 'NONE',  ( 1.250000000000000000, 1.033307535223744189, 1.530808498934191571E-16 ) ) ;
#458 = AXIS2_PLACEMENT_3D ( 'NONE', #628, #510, #290 ) ;
#459 = CARTESIAN_POINT ( 'NONE',  ( 0.000000000000000000, -4.347496136973105814E-18, -0.1005000000000000060 ) ) ;
#460 = EDGE_CURVE ( 'NONE', #656, #791, #636, .T. ) ;
#461 = ORIENTED_EDGE ( 'NONE', *, *, #1122, .F. ) ;
#462 = PRODUCT ( 'INJC-2X8NPT-38NPT-250T20-2XO230-BLANK Injector, Blank, Mojave Sphinx', 'INJC-2X8NPT-38NPT-250T20-2XO230-BLANK Injector, Blank, Mojave Sphinx', '', ( #996 ) ) ;
#463 = VERTEX_POINT ( 'NONE', #1002 ) ;
#464 = CARTESIAN_POINT ( 'NONE',  ( -0.5353400000000003711, 0.4749999999999997002, -0.02104957006686923940 ) ) ;
#465 = DIRECTION ( 'NONE',  ( -0.000000000000000000, 1.000000000000000000, -0.000000000000000000 ) ) ;
#466 = DIRECTION ( 'NONE',  ( -1.000000000000000000, -1.172466950070498631E-16, 0.000000000000000000 ) ) ;
#467 = CARTESIAN_POINT ( 'NONE',  ( -1.001550680715927337E-16, 0.2165446582655255747, 0.000000000000000000 ) ) ;
#468 = ORIENTED_EDGE ( 'NONE', *, *, #434, .F. ) ;
#469 = EDGE_LOOP ( 'NONE', ( #401, #1233, #411, #1346 ) ) ;
#470 = CIRCLE ( 'NONE', #1043, 1.250000000000000222 ) ;
#471 = CARTESIAN_POINT ( 'NONE',  ( 0.7500000000000203171, 0.2151290928540630365, -5.899615024689768138E-15 ) ) ;
#472 = ORIENTED_EDGE ( 'NONE', *, *, #761, .F. ) ;
#473 = ORIENTED_EDGE ( 'NONE', *, *, #191, .T. ) ;
#474 = EDGE_CURVE ( 'NONE', #428, #1170, #188, .T. ) ;
#475 = CIRCLE ( 'NONE', #320, 1.250000000000000222 ) ;
#476 = LINE ( 'NONE', #707, #1021 ) ;
#477 = CARTESIAN_POINT ( 'NONE',  ( 1.250000000000000666, 1.033307535223744189, 1.530808498934192064E-16 ) ) ;
#478 = CIRCLE ( 'NONE', #1116, 1.250000000000000222 ) ;
#479 = EDGE_CURVE ( 'NONE', #1153, #204, #1025, .T. ) ;
#480 = EDGE_LOOP ( 'NONE', ( #720, #1010, #1260, #370 ) ) ;
#481 = ORIENTED_EDGE ( 'NONE', *, *, #691, .T. ) ;
#482 = CARTESIAN_POINT ( 'NONE',  ( 9.509359940766735948E-17, 0.2500000000000000555, 0.000000000000000000 ) ) ;
#483 = EDGE_CURVE ( 'NONE', #45, #932, #1187, .T. ) ;
#484 = DIRECTION ( 'NONE',  ( -1.214000825110214424E-16, 1.000000000000000000, -0.000000000000000000 ) ) ;
#485 = DIRECTION ( 'NONE',  ( -0.000000000000000000, 1.000000000000000000, -0.000000000000000000 ) ) ;
#486 = ORIENTED_EDGE ( 'NONE', *, *, #98, .T. ) ;
#487 = DIRECTION ( 'NONE',  ( -1.000000000000000000, -1.138269997360108935E-16, 0.000000000000000000 ) ) ;
#488 = ORIENTED_EDGE ( 'NONE', *, *, #1064, .F. ) ;
#489 = FACE_OUTER_BOUND ( 'NONE', #95, .T. ) ;
#490 = CARTESIAN_POINT ( 'NONE',  ( 8.295359115656521031E-17, 0.3500000000000000888, 0.000000000000000000 ) ) ;
#491 = FACE_OUTER_BOUND ( 'NONE', #1074, .T. ) ;
#492 = ORIENTED_EDGE ( 'NONE', *, *, #922, .T. ) ;
#493 = VECTOR ( 'NONE', #542, 39.37007874015748143 ) ;
#494 = LENGTH_MEASURE_WITH_UNIT ( LENGTH_MEASURE( 0.02539999999999999897 ), #1151 );
#495 = CARTESIAN_POINT ( 'NONE',  ( -0.5353400000000003711, 0.4749999999999997002, 0.02104957006686923940 ) ) ;
#496 = VERTEX_POINT ( 'NONE', #898 ) ;
#497 = DIRECTION ( 'NONE',  ( -0.000000000000000000, 1.000000000000000000, -0.000000000000000000 ) ) ;
#498 = DIRECTION ( 'NONE',  ( -1.214000825110214424E-16, 1.000000000000000000, -0.000000000000000000 ) ) ;
#499 = DIRECTION ( 'NONE',  ( -0.000000000000000000, 1.000000000000000000, -0.000000000000000000 ) ) ;
#500 = APPLICATION_CONTEXT ( 'automotive_design' ) ;
#501 = CIRCLE ( 'NONE', #1180, 0.1659999999999999531 ) ;
#502 = ORIENTED_EDGE ( 'NONE', *, *, #264, .F. ) ;
#503 = AXIS2_PLACEMENT_3D ( 'NONE', #827, #386, #487 ) ;
#504 = EDGE_CURVE ( 'NONE', #1251, #223, #764, .T. ) ;
#505 = CARTESIAN_POINT ( 'NONE',  ( -0.7000000000000000666, 0.8250000000000001776, 0.000000000000000000 ) ) ;
#506 = AXIS2_PLACEMENT_3D ( 'NONE', #159, #937, #1394 ) ;
#507 = EDGE_LOOP ( 'NONE', ( #598, #486, #1238, #1158 ) ) ;
#508 = CIRCLE ( 'NONE', #1390, 1.250000000000000666 ) ;
#509 = CARTESIAN_POINT ( 'NONE',  ( 0.7471911111111114723, 0.2500000000000000555, -0.06484939071836673397 ) ) ;
#510 = DIRECTION ( 'NONE',  ( -0.000000000000000000, 1.000000000000000000, -0.000000000000000000 ) ) ;
#511 = CARTESIAN_POINT ( 'NONE',  ( -0.7000000000000000666, 0.4247428627585752570, 0.000000000000000000 ) ) ;
#512 = DIRECTION ( 'NONE',  ( -1.000000000000000000, -1.092739197465705041E-16, 0.000000000000000000 ) ) ;
#513 = ORIENTED_EDGE ( 'NONE', *, *, #1172, .T. ) ;
#514 = VERTEX_POINT ( 'NONE', #459 ) ;
#515 = PLANE ( 'NONE',  #506 ) ;
#516 = DIRECTION ( 'NONE',  ( -1.214000825110214424E-16, 1.000000000000000000, 0.000000000000000000 ) ) ;
#517 = DIRECTION ( 'NONE',  ( 0.000000000000000000, 0.000000000000000000, 1.000000000000000000 ) ) ;
#518 = DIRECTION ( 'NONE',  ( -0.000000000000000000, -1.000000000000000000, -0.000000000000000000 ) ) ;
#519 = VERTEX_POINT ( 'NONE', #1218 ) ;
#520 = CARTESIAN_POINT ( 'NONE',  ( 0.8999999999999998002, 0.2500000000000000555, 0.000000000000000000 ) ) ;
#521 = AXIS2_PLACEMENT_3D ( 'NONE', #551, #122, #690 ) ;
#522 = ORIENTED_EDGE ( 'NONE', *, *, #221, .F. ) ;
#523 = CARTESIAN_POINT ( 'NONE',  ( -0.5552753824686634809, 0.4172747060864426261, -0.05171075452800475564 ) ) ;
#524 = CARTESIAN_POINT ( 'NONE',  ( 1.250000000000000222, 0.1250000000000003331, 1.530808498934191817E-16 ) ) ;
#525 = CARTESIAN_POINT ( 'NONE',  ( -0.7500000000000004441, 1.033307535223743967, 0.000000000000000000 ) ) ;
#526 = EDGE_CURVE ( 'NONE', #21, #794, #224, .T. ) ;
#527 = ORIENTED_EDGE ( 'NONE', *, *, #415, .T. ) ;
#528 = DIRECTION ( 'NONE',  ( -0.000000000000000000, 1.000000000000000000, -0.000000000000000000 ) ) ;
#529 = DIRECTION ( 'NONE',  ( 0.000000000000000000, 0.5150380749100544886, 0.8571673007021122226 ) ) ;
#530 = AXIS2_PLACEMENT_3D ( 'NONE', #853, #757, #1182 ) ;
#531 = CYLINDRICAL_SURFACE ( 'NONE', #1243, 1.250000000000000000 ) ;
#532 = DIRECTION ( 'NONE',  ( -1.214000825110214424E-16, 1.000000000000000000, -0.000000000000000000 ) ) ;
#533 = VERTEX_POINT ( 'NONE', #915 ) ;
#534 = CARTESIAN_POINT ( 'NONE',  ( -1.250000000000000222, -0.1250000000000000555, 0.000000000000000000 ) ) ;
#535 = CARTESIAN_POINT ( 'NONE',  ( 1.250000000000000222, 1.033307535223744189, 1.530808498934191817E-16 ) ) ;
#536 = ORIENTED_EDGE ( 'NONE', *, *, #924, .T. ) ;
#537 = DIRECTION ( 'NONE',  ( -1.214000825110214424E-16, 1.000000000000000000, -0.000000000000000000 ) ) ;
#538 = PRODUCT_DEFINITION_FORMATION_WITH_SPECIFIED_SOURCE ( 'ANY', '', #462, .NOT_KNOWN. ) ;
#539 = DIRECTION ( 'NONE',  ( -1.214000825110214424E-16, 1.000000000000000000, -0.000000000000000000 ) ) ;
#540 = EDGE_CURVE ( 'NONE', #713, #1332, #1427, .T. ) ;
#541 = CARTESIAN_POINT ( 'NONE',  ( -0.5353400000000000380, 0.4247428627585752570, -0.02104957006686764345 ) ) ;
#542 = DIRECTION ( 'NONE',  ( -0.000000000000000000, -1.000000000000000000, -0.000000000000000000 ) ) ;
#543 = CIRCLE ( 'NONE', #351, 0.1005000000000000060 ) ;
#544 = EDGE_LOOP ( 'NONE', ( #119, #438 ) ) ;
#545 = CARTESIAN_POINT ( 'NONE',  ( -0.6638957897705310973, 0.3509128777198218807, -0.02369071495802738819 ) ) ;
#546 = CARTESIAN_POINT ( 'NONE',  ( -1.001550680715927337E-16, 0.8250000000000003997, 0.2809999999999999165 ) ) ;
#547 = CIRCLE ( 'NONE', #888, 0.1659999999999999531 ) ;
#548 = CIRCLE ( 'NONE', #957, 1.250000000000000222 ) ;
#549 = EDGE_CURVE ( 'NONE', #21, #866, #956, .T. ) ;
#550 = CYLINDRICAL_SURFACE ( 'NONE', #985, 1.250000000000000222 ) ;
#551 = CARTESIAN_POINT ( 'NONE',  ( 9.509359940766737181E-17, 0.2499999999999999167, 0.000000000000000000 ) ) ;
#552 = CIRCLE ( 'NONE', #961, 0.7500000000000004441 ) ;
#553 = ORIENTED_EDGE ( 'NONE', *, *, #230, .F. ) ;
#554 = CARTESIAN_POINT ( 'NONE',  ( -0.6410422292018057577, 0.3734043541774713648, -0.05489684423884497178 ) ) ;
#555 = AXIS2_PLACEMENT_3D ( 'NONE', #441, #709, #1120 ) ;
#556 = CARTESIAN_POINT ( 'NONE',  ( -0.6044987751803193587, 0.3954266179341767162, 0.06799999999999971345 ) ) ;
#557 = DIRECTION ( 'NONE',  ( -1.214000825110214424E-16, 1.000000000000000000, -0.000000000000000000 ) ) ;
#558 = CARTESIAN_POINT ( 'NONE',  ( 0.000000000000000000, 1.033307535223743967, 0.000000000000000000 ) ) ;
#559 = EDGE_CURVE ( 'NONE', #560, #303, #784, .T. ) ;
#560 = VERTEX_POINT ( 'NONE', #178 ) ;
#561 = DIRECTION ( 'NONE',  ( 1.214000825110214424E-16, -1.000000000000000000, 0.000000000000000000 ) ) ;
#562 = CARTESIAN_POINT ( 'NONE',  ( -0.6176011898529142341, 0.3883595961566682075, 0.06582951628894857798 ) ) ;
#563 = CARTESIAN_POINT ( 'NONE',  ( 1.527586386004025280E-16, -0.2249999999999999223, 0.000000000000000000 ) ) ;
#564 = DIRECTION ( 'NONE',  ( -1.000000000000000000, -1.092739197465705041E-16, 0.000000000000000000 ) ) ;
#565 = ORIENTED_EDGE ( 'NONE', *, *, #210, .F. ) ;
#566 = DIRECTION ( 'NONE',  ( 1.214000825110214424E-16, -1.000000000000000000, 0.000000000000000000 ) ) ;
#567 = CIRCLE ( 'NONE', #926, 0.1659999999999996201 ) ;
#568 = PRODUCT_DEFINITION_SHAPE ( 'NONE', 'NONE',  #456 ) ;
#569 = EDGE_CURVE ( 'NONE', #1041, #28, #1403, .T. ) ;
#570 = DIRECTION ( 'NONE',  ( -1.000000000000000000, -1.172466950070498631E-16, 0.000000000000000000 ) ) ;
#571 = ORIENTED_EDGE ( 'NONE', *, *, #1017, .F. ) ;
#572 = FILL_AREA_STYLE_COLOUR ( '', #1227 ) ;
#573 = FACE_BOUND ( 'NONE', #839, .T. ) ;
#574 = AXIS2_PLACEMENT_3D ( 'NONE', #132, #331, #570 ) ;
#575 = VECTOR ( 'NONE', #1274, 39.37007874015748143 ) ;
#576 = CARTESIAN_POINT ( 'NONE',  ( 0.000000000000000000, 1.033307535223743967, 0.000000000000000000 ) ) ;
#577 = AXIS2_PLACEMENT_3D ( 'NONE', #863, #1319, #981 ) ;
#578 = CARTESIAN_POINT ( 'NONE',  ( 6.474357877991199272E-17, 0.5000000000000001110, 0.000000000000000000 ) ) ;
#579 = VECTOR ( 'NONE', #1222, 39.37007874015748143 ) ;
#580 = ORIENTED_EDGE ( 'NONE', *, *, #479, .F. ) ;
#581 = DIRECTION ( 'NONE',  ( -1.000000000000000000, -1.092739197465705041E-16, 0.000000000000000000 ) ) ;
#582 = ORIENTED_EDGE ( 'NONE', *, *, #1296, .F. ) ;
#583 = ORIENTED_EDGE ( 'NONE', *, *, #641, .F. ) ;
#584 = ORIENTED_EDGE ( 'NONE', *, *, #13, .T. ) ;
#585 = CARTESIAN_POINT ( 'NONE',  ( -0.7000000000000000666, 0.4247428627585752570, 0.000000000000000000 ) ) ;
#586 = EDGE_CURVE ( 'NONE', #1018, #143, #501, .T. ) ;
#587 = VERTEX_POINT ( 'NONE', #300 ) ;
#588 = ORIENTED_EDGE ( 'NONE', *, *, #865, .F. ) ;
#589 = AXIS2_PLACEMENT_3D ( 'NONE', #805, #1230, #347 ) ;
#590 = ORIENTED_EDGE ( 'NONE', *, *, #1081, .F. ) ;
#591 = EDGE_CURVE ( 'NONE', #353, #1424, #547, .T. ) ;
#592 = DIRECTION ( 'NONE',  ( -1.214000825110214424E-16, 1.000000000000000000, 0.000000000000000000 ) ) ;
#593 = ORIENTED_EDGE ( 'NONE', *, *, #374, .T. ) ;
#594 = ADVANCED_FACE ( 'NONE', ( #318 ), #245, .F. ) ;
#595 = ORIENTED_EDGE ( 'NONE', *, *, #1177, .F. ) ;
#596 = DIRECTION ( 'NONE',  ( -1.214000825110214424E-16, 1.000000000000000000, -0.000000000000000000 ) ) ;
#597 = AXIS2_PLACEMENT_3D ( 'NONE', #988, #875, #673 ) ;
#598 = ORIENTED_EDGE ( 'NONE', *, *, #802, .F. ) ;
#599 = EDGE_LOOP ( 'NONE', ( #481, #593 ) ) ;
#600 = ORIENTED_EDGE ( 'NONE', *, *, #1383, .F. ) ;
#601 = ORIENTED_EDGE ( 'NONE', *, *, #526, .F. ) ;
#602 = FACE_OUTER_BOUND ( 'NONE', #469, .T. ) ;
#603 = CARTESIAN_POINT ( 'NONE',  ( -0.5999999999999999778, -3.414809992080329023E-17, -0.06799999999999972733 ) ) ;
#604 = ORIENTED_EDGE ( 'NONE', *, *, #1318, .F. ) ;
#605 = FACE_OUTER_BOUND ( 'NONE', #357, .T. ) ;
#606 = EDGE_CURVE ( 'NONE', #1410, #980, #769, .T. ) ;
#607 = CARTESIAN_POINT ( 'NONE',  ( 0.7500000000000203171, 0.2151290928540630365, -5.899615024689768138E-15 ) ) ;
#608 = EDGE_LOOP ( 'NONE', ( #1276, #1348 ) ) ;
#609 = APPLICATION_CONTEXT ( 'automotive_design' ) ;
#610 = ORIENTED_EDGE ( 'NONE', *, *, #940, .T. ) ;
#611 = AXIS2_PLACEMENT_3D ( 'NONE', #1405, #99, #1323 ) ;
#612 = CARTESIAN_POINT ( 'NONE',  ( 0.7497572092310886838, 0.2160153452740449231, -0.02194682487324730799 ) ) ;
#613 = FACE_OUTER_BOUND ( 'NONE', #1106, .T. ) ;
#614 = EDGE_LOOP ( 'NONE', ( #513, #730, #646, #1035 ) ) ;
#615 = EDGE_CURVE ( 'NONE', #1208, #858, #1200, .T. ) ;
#616 = DIRECTION ( 'NONE',  ( -1.000000000000000000, -1.229331597148918448E-16, 0.000000000000000000 ) ) ;
#617 = CARTESIAN_POINT ( 'NONE',  ( -0.6639547644708183594, 0.3508306491582734443, 0.02353324509220299995 ) ) ;
#618 = DIRECTION ( 'NONE',  ( -1.214000825110214424E-16, 1.000000000000000000, -0.000000000000000000 ) ) ;
#619 = DIRECTION ( 'NONE',  ( -1.214000825110214424E-16, 1.000000000000000000, -0.000000000000000000 ) ) ;
#620 = DIRECTION ( 'NONE',  ( -1.214000825110214424E-16, 1.000000000000000000, -0.000000000000000000 ) ) ;
#621 = FACE_BOUND ( 'NONE', #842, .T. ) ;
#622 = EDGE_LOOP ( 'NONE', ( #783, #42 ) ) ;
#623 = EDGE_CURVE ( 'NONE', #1251, #166, #880, .T. ) ;
#624 = DIRECTION ( 'NONE',  ( 1.214000825110214424E-16, -1.000000000000000000, 0.000000000000000000 ) ) ;
#625 = DIRECTION ( 'NONE',  ( 0.000000000000000000, 0.000000000000000000, 1.000000000000000000 ) ) ;
#626 = EDGE_LOOP ( 'NONE', ( #1132, #829, #78, #1127 ) ) ;
#627 = CARTESIAN_POINT ( 'NONE',  ( 1.190000000000000391, 1.033307535223744189, 1.457329690985351034E-16 ) ) ;
#628 = CARTESIAN_POINT ( 'NONE',  ( -0.7000000000000000666, 0.8250000000000001776, 0.000000000000000000 ) ) ;
#629 = CYLINDRICAL_SURFACE ( 'NONE', #1324, 0.7500000000000004441 ) ;
#630 = LINE ( 'NONE', #292, #1241 ) ;
#631 = VECTOR ( 'NONE', #938, 39.37007874015748143 ) ;
#632 = VECTOR ( 'NONE', #1229, 39.37007874015748143 ) ;
#633 = AXIS2_PLACEMENT_3D ( 'NONE', #2, #812, #452 ) ;
#634 = DIRECTION ( 'NONE',  ( 0.000000000000000000, 0.000000000000000000, 1.000000000000000000 ) ) ;
#635 = VECTOR ( 'NONE', #596, 39.37007874015748143 ) ;
#636 = CIRCLE ( 'NONE', #4, 1.250000000000000222 ) ;
#637 = CYLINDRICAL_SURFACE ( 'NONE', #1342, 1.165000000000000480 ) ;
#638 = FACE_BOUND ( 'NONE', #287, .T. ) ;
#639 = DIRECTION ( 'NONE',  ( -1.214000825110214424E-16, 1.000000000000000000, -0.000000000000000000 ) ) ;
#640 = ORIENTED_EDGE ( 'NONE', *, *, #606, .F. ) ;
#641 = EDGE_CURVE ( 'NONE', #1168, #732, #630, .T. ) ;
#642 = ORIENTED_EDGE ( 'NONE', *, *, #714, .F. ) ;
#643 = EDGE_CURVE ( 'NONE', #1097, #1424, #177, .T. ) ;
#644 = CARTESIAN_POINT ( 'NONE',  ( -0.5865457709689865240, 0.4041182981428328436, -0.06701383681679665139 ) ) ;
#645 = FACE_OUTER_BOUND ( 'NONE', #626, .T. ) ;
#646 = ORIENTED_EDGE ( 'NONE', *, *, #931, .T. ) ;
#647 = CONICAL_SURFACE ( 'NONE', #1019, 0.1659999999999999531, 1.029744258676654090 ) ;
#648 = DIRECTION ( 'NONE',  ( 0.000000000000000000, 0.000000000000000000, 1.000000000000000000 ) ) ;
#649 = AXIS2_PLACEMENT_3D ( 'NONE', #811, #1236, #698 ) ;
#650 = VERTEX_POINT ( 'NONE', #607 ) ;
#651 = CARTESIAN_POINT ( 'NONE',  ( -0.5999999999999999778, -0.2250000000000001998, 0.000000000000000000 ) ) ;
#652 = AXIS2_PLACEMENT_3D ( 'NONE', #1001, #1224, #901 ) ;
#653 = EDGE_CURVE ( 'NONE', #866, #21, #1142, .T. ) ;
#654 = DIRECTION ( 'NONE',  ( -1.000000000000000000, -1.821231995776174493E-16, 0.000000000000000000 ) ) ;
#655 = CARTESIAN_POINT ( 'NONE',  ( 0.000000000000000000, 1.033307535223743967, 0.000000000000000000 ) ) ;
#656 = VERTEX_POINT ( 'NONE', #959 ) ;
#657 = EDGE_LOOP ( 'NONE', ( #1004, #432, #1391 ) ) ;
#658 = DIRECTION ( 'NONE',  ( -1.000000000000000000, -1.229331597148918448E-16, 0.000000000000000000 ) ) ;
#659 = VECTOR ( 'NONE', #1173, 39.37007874015748143 ) ;
#660 = CARTESIAN_POINT ( 'NONE',  ( 0.8999999999999998002, 0.8250000000000005107, 0.000000000000000000 ) ) ;
#661 = ADVANCED_FACE ( 'NONE', ( #1389 ), #169, .T. ) ;
#662 = DIRECTION ( 'NONE',  ( -0.000000000000000000, 1.000000000000000000, -0.000000000000000000 ) ) ;
#663 = VERTEX_POINT ( 'NONE', #48 ) ;
#664 = DIRECTION ( 'NONE',  ( 0.000000000000000000, 0.5150380749100549327, 0.8571673007021117785 ) ) ;
#665 = DIRECTION ( 'NONE',  ( 1.000000000000000000, 1.214000825110214424E-16, 0.000000000000000000 ) ) ;
#666 = DIRECTION ( 'NONE',  ( -0.000000000000000000, 1.000000000000000000, -0.000000000000000000 ) ) ;
#667 = ADVANCED_FACE ( 'NONE', ( #1165 ), #1258, .F. ) ;
#668 = EDGE_LOOP ( 'NONE', ( #116, #239, #849, #1353 ) ) ;
#669 = UNCERTAINTY_MEASURE_WITH_UNIT (LENGTH_MEASURE( 1.000000000000000082E-05 ), #1114, 'distance_accuracy_value', 'NONE');
#670 = CARTESIAN_POINT ( 'NONE',  ( -0.5551165949788062770, 0.4173375630163067562, 0.05158680655148108890 ) ) ;
#671 = ADVANCED_FACE ( 'NONE', ( #1279 ), #647, .F. ) ;
#672 = VECTOR ( 'NONE', #991, 39.37007874015748143 ) ;
#673 = DIRECTION ( 'NONE',  ( -1.000000000000000000, -1.172466950070498631E-16, 0.000000000000000000 ) ) ;
#674 = AXIS2_PLACEMENT_3D ( 'NONE', #1384, #848, #1275 ) ;
#675 = AXIS2_PLACEMENT_3D ( 'NONE', #776, #206, #93 ) ;
#676 = ORIENTED_EDGE ( 'NONE', *, *, #1212, .T. ) ;
#677 = CARTESIAN_POINT ( 'NONE',  ( -0.6680096567614454139, 0.3442094076370378342, 0.004922686052072019341 ) ) ;
#678 = CARTESIAN_POINT ( 'NONE',  ( -1.250000000000000666, 1.033307535223743967, 0.000000000000000000 ) ) ;
#679 = EDGE_CURVE ( 'NONE', #204, #650, #716, .T. ) ;
#680 =( GEOMETRIC_REPRESENTATION_CONTEXT ( 3 ) GLOBAL_UNCERTAINTY_ASSIGNED_CONTEXT ( ( #669 ) ) GLOBAL_UNIT_ASSIGNED_CONTEXT ( ( #1114, #906, #114 ) ) REPRESENTATION_CONTEXT ( 'NONE', 'WORKASPACE' ) );
#681 = DIRECTION ( 'NONE',  ( -1.214000825110214424E-16, 1.000000000000000000, -0.000000000000000000 ) ) ;
#682 = VERTEX_POINT ( 'NONE', #1070 ) ;
#683 = LINE ( 'NONE', #1011, #700 ) ;
#684 = CIRCLE ( 'NONE', #962, 0.2809999999999999720 ) ;
#685 = CARTESIAN_POINT ( 'NONE',  ( -0.6535594138431282119, 0.3629398534743279447, 0.04278186885014780699 ) ) ;
#686 = CARTESIAN_POINT ( 'NONE',  ( 6.474357877991199272E-17, 0.5000000000000001110, 0.000000000000000000 ) ) ;
#687 = FACE_OUTER_BOUND ( 'NONE', #480, .T. ) ;
#688 = FACE_OUTER_BOUND ( 'NONE', #599, .T. ) ;
#689 = B_SPLINE_CURVE_WITH_KNOTS ( 'NONE', 3,
 ( #471, #953, #612, #38, #1252, #1040 ),
 .UNSPECIFIED., .F., .F.,
 ( 4, 2, 4 ),
 ( 0.001666202628105770611, 0.002490584556702723964, 0.003314966485299677100 ),
 .UNSPECIFIED. ) ;
#690 = DIRECTION ( 'NONE',  ( -1.000000000000000000, -1.092739197465705041E-16, 0.000000000000000000 ) ) ;
#691 = EDGE_CURVE ( 'NONE', #184, #752, #1282, .T. ) ;
#692 = DIRECTION ( 'NONE',  ( -0.000000000000000000, 1.000000000000000000, -0.000000000000000000 ) ) ;
#693 = DIRECTION ( 'NONE',  ( -1.214000825110214424E-16, 1.000000000000000000, -0.000000000000000000 ) ) ;
#694 = VECTOR ( 'NONE', #518, 39.37007874015748143 ) ;
#695 = ORIENTED_EDGE ( 'NONE', *, *, #210, .T. ) ;
#696 = B_SPLINE_CURVE_WITH_KNOTS ( 'NONE', 3,
 ( #423, #556, #9, #562, #1312, #231, #1225, #685, #1123, #617, #391, #820, #677, #800, #896, #1330, #545, #795, #1110, #554, #1335, #109, #1101, #337 ),
 .UNSPECIFIED., .F., .F.,
 ( 4, 2, 2, 2, 2, 2, 2, 2, 2, 2, 2, 4 ),
 ( 0.002278271411470477598, 0.002658579982132698409, 0.003038888552794918787, 0.003799505694119359976, 0.004560122835443801599, 0.004940431406106024145, 0.005320739976768246692, 0.005701048547430469238, 0.006081357118092691784, 0.006841974259417136876, 0.007602591400741582836, 0.008363208542066027928 ),
 .UNSPECIFIED. ) ;
#697 = CIRCLE ( 'NONE', #778, 0.06799999999999972733 ) ;
#698 = DIRECTION ( 'NONE',  ( 0.000000000000000000, 0.000000000000000000, 1.000000000000000000 ) ) ;
#699 = CARTESIAN_POINT ( 'NONE',  ( 2.528855196382997401E-17, 0.8250000000000005107, 0.000000000000000000 ) ) ;
#700 = VECTOR ( 'NONE', #7, 39.37007874015748143 ) ;
#701 = ORIENTED_EDGE ( 'NONE', *, *, #1352, .T. ) ;
#702 = CYLINDRICAL_SURFACE ( 'NONE', #1026, 1.190000000000000391 ) ;
#703 = AXIS2_PLACEMENT_3D ( 'NONE', #563, #70, #1303 ) ;
#704 = VERTEX_POINT ( 'NONE', #948 ) ;
#705 = CIRCLE ( 'NONE', #822, 1.000000000000000000 ) ;
#706 = EDGE_CURVE ( 'NONE', #732, #378, #759, .T. ) ;
#707 = CARTESIAN_POINT ( 'NONE',  ( 1.000000000000000000, 1.033307535223744189, 1.224646799147353207E-16 ) ) ;
#708 = VECTOR ( 'NONE', #1162, 39.37007874015748143 ) ;
#709 = DIRECTION ( 'NONE',  ( -1.214000825110214424E-16, 1.000000000000000000, -0.000000000000000000 ) ) ;
#710 = ADVANCED_FACE ( 'NONE', ( #856 ), #187, .T. ) ;
#711 = AXIS2_PLACEMENT_3D ( 'NONE', #578, #10, #338 ) ;
#712 = LINE ( 'NONE', #797, #632 ) ;
#713 = VERTEX_POINT ( 'NONE', #1077 ) ;
#714 = EDGE_CURVE ( 'NONE', #1332, #1410, #844, .T. ) ;
#715 = ORIENTED_EDGE ( 'NONE', *, *, #179, .T. ) ;
#716 = B_SPLINE_CURVE_WITH_KNOTS ( 'NONE', 3,
 ( #835, #751, #1175, #1287 ),
 .UNSPECIFIED., .F., .F.,
 ( 4, 4 ),
 ( 7.265597022250886229E-07, 0.001666202628105770611 ),
 .UNSPECIFIED. ) ;
#717 = ADVANCED_FACE ( 'NONE', ( #1263 ), #1156, .T. ) ;
#718 = CYLINDRICAL_SURFACE ( 'NONE', #433, 0.1004999999999999782 ) ;
#719 = ORIENTED_EDGE ( 'NONE', *, *, #115, .F. ) ;
#720 = ORIENTED_EDGE ( 'NONE', *, *, #1103, .T. ) ;
#721 = CARTESIAN_POINT ( 'NONE',  ( 1.190000000000000391, 0.7250000000000003109, 1.457329690985351034E-16 ) ) ;
#722 = CARTESIAN_POINT ( 'NONE',  ( 1.527586386004026266E-16, -0.2250000000000004774, 0.000000000000000000 ) ) ;
#723 = AXIS2_PLACEMENT_3D ( 'NONE', #1216, #1121, #1015 ) ;
#724 = CARTESIAN_POINT ( 'NONE',  ( -0.5353399999999998160, 0.4247428627585751459, 0.02104957006686714038 ) ) ;
#725 = EDGE_LOOP ( 'NONE', ( #571, #810, #198, #595 ) ) ;
#726 = ORIENTED_EDGE ( 'NONE', *, *, #549, .F. ) ;
#727 = DIRECTION ( 'NONE',  ( 0.000000000000000000, 0.000000000000000000, 1.000000000000000000 ) ) ;
#728 = CARTESIAN_POINT ( 'NONE',  ( 1.527586386004025280E-16, -0.2249999999999999223, 0.000000000000000000 ) ) ;
#729 = FACE_OUTER_BOUND ( 'NONE', #1145, .T. ) ;
#730 = ORIENTED_EDGE ( 'NONE', *, *, #1278, .T. ) ;
#731 = AXIS2_PLACEMENT_3D ( 'NONE', #379, #268, #843 ) ;
#732 = VERTEX_POINT ( 'NONE', #1271 ) ;
#733 = DIRECTION ( 'NONE',  ( -1.000000000000000000, -1.214000825110214424E-16, 0.000000000000000000 ) ) ;
#734 = CARTESIAN_POINT ( 'NONE',  ( -1.165000000000000480, 0.02499999999999986608, 0.000000000000000000 ) ) ;
#735 = ORIENTED_EDGE ( 'NONE', *, *, #154, .F. ) ;
#736 = ORIENTED_EDGE ( 'NONE', *, *, #430, .T. ) ;
#737 = DIRECTION ( 'NONE',  ( -1.214000825110214424E-16, 1.000000000000000000, -0.000000000000000000 ) ) ;
#738 = EDGE_CURVE ( 'NONE', #514, #496, #543, .T. ) ;
#739 = DIRECTION ( 'NONE',  ( -1.214000825110214424E-16, 1.000000000000000000, 0.000000000000000000 ) ) ;
#740 = DIRECTION ( 'NONE',  ( -1.214000825110214424E-16, 1.000000000000000000, -0.000000000000000000 ) ) ;
#741 = CARTESIAN_POINT ( 'NONE',  ( -1.001550680715927337E-16, 0.8250000000000003997, 0.000000000000000000 ) ) ;
#742 = EDGE_LOOP ( 'NONE', ( #1344, #977 ) ) ;
#743 =( GEOMETRIC_REPRESENTATION_CONTEXT ( 3 ) GLOBAL_UNCERTAINTY_ASSIGNED_CONTEXT ( ( #215 ) ) GLOBAL_UNIT_ASSIGNED_CONTEXT ( ( #1392, #744, #61 ) ) REPRESENTATION_CONTEXT ( 'NONE', 'WORKASPACE' ) );
#744 =( NAMED_UNIT ( * ) PLANE_ANGLE_UNIT ( ) SI_UNIT ( $, .RADIAN. ) );
#745 = ORIENTED_EDGE ( 'NONE', *, *, #50, .F. ) ;
#746 = EDGE_LOOP ( 'NONE', ( #1138, #158 ) ) ;
#747 = DIRECTION ( 'NONE',  ( -1.214000825110214424E-16, 1.000000000000000000, -0.000000000000000000 ) ) ;
#748 = ADVANCED_BREP_SHAPE_REPRESENTATION ( 'INJC-2X8NPT-38NPT-250T20-2XO230-BLANK Injector, Blank, Mojave Sphinx', ( #1235, #611 ), #743 ) ;
#749 = DIRECTION ( 'NONE',  ( -1.000000000000000000, -1.214000825110214424E-16, 0.000000000000000000 ) ) ;
#750 = DIRECTION ( 'NONE',  ( -1.000000000000000000, -1.092739197465705287E-16, 0.000000000000000000 ) ) ;
#751 = CARTESIAN_POINT ( 'NONE',  ( 0.7490376554704779588, 0.2187274157215416404, 0.04357360822747385898 ) ) ;
#752 = VERTEX_POINT ( 'NONE', #982 ) ;
#753 = LINE ( 'NONE', #477, #575 ) ;
#754 = VERTEX_POINT ( 'NONE', #1413 ) ;
#755 = FACE_OUTER_BOUND ( 'NONE', #1185, .T. ) ;
#756 = CARTESIAN_POINT ( 'NONE',  ( -1.165000000000000480, 1.033307535223743967, 0.000000000000000000 ) ) ;
#757 = DIRECTION ( 'NONE',  ( -0.000000000000000000, 1.000000000000000000, -0.000000000000000000 ) ) ;
#758 = DIRECTION ( 'NONE',  ( 0.000000000000000000, 0.000000000000000000, 1.000000000000000000 ) ) ;
#759 = LINE ( 'NONE', #400, #309 ) ;
#760 = CIRCLE ( 'NONE', #207, 1.250000000000000666 ) ;
#761 = EDGE_CURVE ( 'NONE', #821, #134, #1327, .T. ) ;
#762 = AXIS2_PLACEMENT_3D ( 'NONE', #966, #737, #1386 ) ;
#763 = ORIENTED_EDGE ( 'NONE', *, *, #398, .F. ) ;
#764 = CIRCLE ( 'NONE', #574, 1.165000000000000702 ) ;
#765 = CARTESIAN_POINT ( 'NONE',  ( -0.5499270909552446129, 0.4193294679095290189, -0.04658047943496478743 ) ) ;
#766 = PLANE ( 'NONE',  #1016 ) ;
#767 = EDGE_LOOP ( 'NONE', ( #1146, #719, #396, #1217 ) ) ;
#768 = CARTESIAN_POINT ( 'NONE',  ( -1.001550680715927337E-16, 0.3250000000000003442, 0.000000000000000000 ) ) ;
#769 = B_SPLINE_CURVE_WITH_KNOTS ( 'NONE', 3,
 ( #85, #1411, #1307, #792, #670, #104, #872, #775 ),
 .UNSPECIFIED., .F., .F.,
 ( 4, 2, 2, 4 ),
 ( 1.772524766408266304E-06, 0.0005708972464424258257, 0.001140021968118443878, 0.002278271411470477598 ),
 .UNSPECIFIED. ) ;
#770 = ADVANCED_FACE ( 'NONE', ( #413 ), #1419, .T. ) ;
#771 = ORIENTED_EDGE ( 'NONE', *, *, #483, .F. ) ;
#772 = FACE_OUTER_BOUND ( 'NONE', #972, .T. ) ;
#773 = CYLINDRICAL_SURFACE ( 'NONE', #890, 1.250000000000000222 ) ;
#774 = EDGE_LOOP ( 'NONE', ( #324, #735 ) ) ;
#775 = CARTESIAN_POINT ( 'NONE',  ( -0.6000000000000000888, 0.3976619134256560995, 0.06800000000000216982 ) ) ;
#776 = CARTESIAN_POINT ( 'NONE',  ( 5.260357052880981889E-17, 0.6000000000000003109, 0.000000000000000000 ) ) ;
#777 = SHAPE_DEFINITION_REPRESENTATION ( #568, #748 ) ;
#778 = AXIS2_PLACEMENT_3D ( 'NONE', #1038, #1057, #366 ) ;
#779 = VERTEX_POINT ( 'NONE', #788 ) ;
#780 = CARTESIAN_POINT ( 'NONE',  ( -0.5669077106092829110, 0.4126053045961203813, -0.05982636484077002992 ) ) ;
#781 = CARTESIAN_POINT ( 'NONE',  ( 1.000000000000000222, 2.579924821942346280E-16, 1.224646799147353207E-16 ) ) ;
#782 = CARTESIAN_POINT ( 'NONE',  ( 1.230770033143089713E-17, 0.000000000000000000, 0.1004999999999999782 ) ) ;
#783 = ORIENTED_EDGE ( 'NONE', *, *, #191, .F. ) ;
#784 = CIRCLE ( 'NONE', #1380, 0.2809999999999999720 ) ;
#785 = AXIS2_PLACEMENT_3D ( 'NONE', #1020, #693, #912 ) ;
#786 = CARTESIAN_POINT ( 'NONE',  ( -0.5999999999999999778, -0.2250000000000001998, -0.06799999999999972733 ) ) ;
#787 = CIRCLE ( 'NONE', #90, 1.250000000000000222 ) ;
#788 = CARTESIAN_POINT ( 'NONE',  ( 1.250000000000000222, 0.2500000000000000555, 1.530808498934191817E-16 ) ) ;
#789 = LINE ( 'NONE', #1338, #493 ) ;
#790 = CIRCLE ( 'NONE', #633, 1.250000000000000222 ) ;
#791 = VERTEX_POINT ( 'NONE', #1215 ) ;
#792 = CARTESIAN_POINT ( 'NONE',  ( -0.5499197206528443349, 0.4193326501861724953, 0.04658968321586912792 ) ) ;
#793 = DIRECTION ( 'NONE',  ( 0.000000000000000000, 0.000000000000000000, -1.000000000000000000 ) ) ;
#794 = VERTEX_POINT ( 'NONE', #534 ) ;
#795 = CARTESIAN_POINT ( 'NONE',  ( -0.6584284355917925380, 0.3579019643915759552, -0.03591386385207564341 ) ) ;
#796 = CYLINDRICAL_SURFACE ( 'NONE', #859, 1.250000000000000222 ) ;
#797 = CARTESIAN_POINT ( 'NONE',  ( -6.574249301555212319E-17, 0.3250000000000003442, -0.2809999999999998610 ) ) ;
#798 = CONICAL_SURFACE ( 'NONE', #82, 0.1659999999999999531, 1.029744258676654090 ) ;
#799 = ORIENTED_EDGE ( 'NONE', *, *, #802, .T. ) ;
#800 = CARTESIAN_POINT ( 'NONE',  ( -0.6679900884205152156, 0.3442461504468901090, -0.005185954815399169623 ) ) ;
#801 = DIRECTION ( 'NONE',  ( -1.214000825110214424E-16, 1.000000000000000000, -0.000000000000000000 ) ) ;
#802 = EDGE_CURVE ( 'NONE', #463, #1253, #952, .T. ) ;
#803 = STYLED_ITEM ( 'NONE', ( #1347 ), #1235 ) ;
#804 = DIRECTION ( 'NONE',  ( -1.000000000000000000, -1.229331597148917955E-16, 0.000000000000000000 ) ) ;
#805 = CARTESIAN_POINT ( 'NONE',  ( 1.406186303493003911E-16, -0.1249999999999999029, 0.000000000000000000 ) ) ;
#806 = DIRECTION ( 'NONE',  ( -1.214000825110214424E-16, 1.000000000000000000, -0.000000000000000000 ) ) ;
#807 = EDGE_CURVE ( 'NONE', #980, #1053, #696, .T. ) ;
#808 = CYLINDRICAL_SURFACE ( 'NONE', #1293, 1.250000000000000222 ) ;
#809 = CARTESIAN_POINT ( 'NONE',  ( -1.165000000000000480, 0.3499999999999999778, 0.000000000000000000 ) ) ;
#810 = ORIENTED_EDGE ( 'NONE', *, *, #1219, .T. ) ;
#811 = CARTESIAN_POINT ( 'NONE',  ( -1.001550680715927337E-16, 0.3250000000000003442, 0.000000000000000000 ) ) ;
#812 = DIRECTION ( 'NONE',  ( -1.214000825110214424E-16, 1.000000000000000000, -0.000000000000000000 ) ) ;
#813 = ORIENTED_EDGE ( 'NONE', *, *, #643, .T. ) ;
#814 = EDGE_CURVE ( 'NONE', #1265, #514, #683, .T. ) ;
#815 = CARTESIAN_POINT ( 'NONE',  ( -0.7000000000000000666, 0.8250000000000001776, 0.1659999999999996201 ) ) ;
#816 = DIRECTION ( 'NONE',  ( -1.214000825110214424E-16, 1.000000000000000000, 0.000000000000000000 ) ) ;
#817 = ORIENTED_EDGE ( 'NONE', *, *, #460, .T. ) ;
#818 = ADVANCED_FACE ( 'NONE', ( #447 ), #102, .F. ) ;
#819 = CARTESIAN_POINT ( 'NONE',  ( 0.8999999999999998002, 0.8250000000000005107, -0.1659999999999999531 ) ) ;
#820 = CARTESIAN_POINT ( 'NONE',  ( -0.6674446534743629922, 0.3453126398524254959, 0.009896350787980174105 ) ) ;
#821 = VERTEX_POINT ( 'NONE', #228 ) ;
#822 = AXIS2_PLACEMENT_3D ( 'NONE', #51, #963, #733 ) ;
#823 = EDGE_LOOP ( 'NONE', ( #17, #367 ) ) ;
#824 = ADVANCED_FACE ( 'NONE', ( #1 ), #329, .F. ) ;
#825 = CARTESIAN_POINT ( 'NONE',  ( -1.250000000000000222, 0.1250000000000000278, 0.000000000000000000 ) ) ;
#826 = CIRCLE ( 'NONE', #458, 0.1659999999999996201 ) ;
#827 = CARTESIAN_POINT ( 'NONE',  ( 1.102686097215450367E-16, 0.1250000000000000278, 0.000000000000000000 ) ) ;
#828 = ORIENTED_EDGE ( 'NONE', *, *, #1328, .F. ) ;
#829 = ORIENTED_EDGE ( 'NONE', *, *, #483, .T. ) ;
#830 = CARTESIAN_POINT ( 'NONE',  ( -1.250000000000000222, 0.02499999999999985220, 0.000000000000000000 ) ) ;
#831 = DIRECTION ( 'NONE',  ( -0.000000000000000000, 1.000000000000000000, -0.000000000000000000 ) ) ;
#832 = ORIENTED_EDGE ( 'NONE', *, *, #586, .T. ) ;
#833 = ORIENTED_EDGE ( 'NONE', *, *, #385, .F. ) ;
#834 = CARTESIAN_POINT ( 'NONE',  ( -0.6000000000000000888, 0.3976619134256560995, 0.06800000000000216982 ) ) ;
#835 = CARTESIAN_POINT ( 'NONE',  ( 0.7471911111111114723, 0.2247428627585756622, 0.06484939071836669233 ) ) ;
#836 = FACE_OUTER_BOUND ( 'NONE', #144, .T. ) ;
#837 = CARTESIAN_POINT ( 'NONE',  ( -0.7500000000000003331, 0.1250000000000000000, 0.000000000000000000 ) ) ;
#838 = AXIS2_PLACEMENT_3D ( 'NONE', #97, #566, #234 ) ;
#839 = EDGE_LOOP ( 'NONE', ( #1161, #1372 ) ) ;
#840 = CARTESIAN_POINT ( 'NONE',  ( -0.7500000000000003331, 0.2499999999999999722, 0.000000000000000000 ) ) ;
#841 = ADVANCED_FACE ( 'NONE', ( #86 ), #265, .F. ) ;
#842 = EDGE_LOOP ( 'NONE', ( #886, #58 ) ) ;
#843 = DIRECTION ( 'NONE',  ( -1.000000000000000000, -1.092739197465704671E-16, 0.000000000000000000 ) ) ;
#844 = LINE ( 'NONE', #408, #694 ) ;
#845 = ORIENTED_EDGE ( 'NONE', *, *, #140, .F. ) ;
#846 = VECTOR ( 'NONE', #983, 39.37007874015748143 ) ;
#847 = CARTESIAN_POINT ( 'NONE',  ( 0.8999999999999998002, 0.8250000000000005107, 0.1659999999999999531 ) ) ;
#848 = DIRECTION ( 'NONE',  ( -1.214000825110214424E-16, 1.000000000000000000, -0.000000000000000000 ) ) ;
#849 = ORIENTED_EDGE ( 'NONE', *, *, #559, .T. ) ;
#850 = DIRECTION ( 'NONE',  ( -1.214000825110214424E-16, 1.000000000000000000, -0.000000000000000000 ) ) ;
#851 = DIRECTION ( 'NONE',  ( -0.000000000000000000, 1.000000000000000000, -0.000000000000000000 ) ) ;
#852 = DIRECTION ( 'NONE',  ( -1.000000000000000000, -1.147835291455572360E-16, 0.000000000000000000 ) ) ;
#853 = CARTESIAN_POINT ( 'NONE',  ( -1.001550680715927337E-16, 0.3250000000000003442, 0.000000000000000000 ) ) ;
#854 = ADVANCED_FACE ( 'NONE', ( #1417, #881 ), #1194, .T. ) ;
#855 = FACE_BOUND ( 'NONE', #954, .T. ) ;
#856 = FACE_OUTER_BOUND ( 'NONE', #6, .T. ) ;
#857 = EDGE_CURVE ( 'NONE', #152, #346, #1088, .T. ) ;
#858 = VERTEX_POINT ( 'NONE', #424 ) ;
#859 = AXIS2_PLACEMENT_3D ( 'NONE', #77, #1192, #1306 ) ;
#860 = CYLINDRICAL_SURFACE ( 'NONE', #674, 1.250000000000000222 ) ;
#861 = ORIENTED_EDGE ( 'NONE', *, *, #1350, .F. ) ;
#862 = EDGE_LOOP ( 'NONE', ( #1429, #997 ) ) ;
#863 = CARTESIAN_POINT ( 'NONE',  ( 1.102686097215450367E-16, 0.1250000000000000278, 0.000000000000000000 ) ) ;
#864 = CARTESIAN_POINT ( 'NONE',  ( 8.295359115656521031E-17, 0.3500000000000000888, 0.000000000000000000 ) ) ;
#865 = EDGE_CURVE ( 'NONE', #779, #752, #302, .T. ) ;
#866 = VERTEX_POINT ( 'NONE', #196 ) ;
#867 = DIRECTION ( 'NONE',  ( 1.214000825110214424E-16, -1.000000000000000000, 0.000000000000000000 ) ) ;
#868 = DIRECTION ( 'NONE',  ( -1.214000825110214424E-16, 1.000000000000000000, -0.000000000000000000 ) ) ;
#869 = FACE_OUTER_BOUND ( 'NONE', #1360, .T. ) ;
#870 = LINE ( 'NONE', #91, #905 ) ;
#871 = ORIENTED_EDGE ( 'NONE', *, *, #445, .T. ) ;
#872 = CARTESIAN_POINT ( 'NONE',  ( -0.5865353327803058958, 0.4043520699069373392, 0.06799999999999975508 ) ) ;
#873 = ADVANCED_FACE ( 'NONE', ( #212 ), #1304, .F. ) ;
#874 = DIRECTION ( 'NONE',  ( 1.214000825110214424E-16, -1.000000000000000000, 0.000000000000000000 ) ) ;
#875 = DIRECTION ( 'NONE',  ( -1.214000825110214424E-16, 1.000000000000000000, -0.000000000000000000 ) ) ;
#876 = CARTESIAN_POINT ( 'NONE',  ( 0.000000000000000000, 1.033307535223743967, 0.000000000000000000 ) ) ;
#877 = FACE_BOUND ( 'NONE', #1283, .T. ) ;
#878 = ORIENTED_EDGE ( 'NONE', *, *, #1008, .F. ) ;
#879 = AXIS2_PLACEMENT_3D ( 'NONE', #1401, #639, #269 ) ;
#880 = LINE ( 'NONE', #1314, #631 ) ;
#881 = FACE_OUTER_BOUND ( 'NONE', #27, .T. ) ;
#882 = AXIS2_PLACEMENT_3D ( 'NONE', #1166, #373, #1141 ) ;
#883 = ADVANCED_FACE ( 'NONE', ( #83 ), #1409, .F. ) ;
#884 = LINE ( 'NONE', #786, #157 ) ;
#885 = DIRECTION ( 'NONE',  ( -1.000000000000000000, -1.172466950070498631E-16, 0.000000000000000000 ) ) ;
#886 = ORIENTED_EDGE ( 'NONE', *, *, #1128, .F. ) ;
#887 = CYLINDRICAL_SURFACE ( 'NONE', #951, 0.7500000000000004441 ) ;
#888 = AXIS2_PLACEMENT_3D ( 'NONE', #995, #410, #1086 ) ;
#889 = AXIS2_PLACEMENT_3D ( 'NONE', #1259, #624, #943 ) ;
#890 = AXIS2_PLACEMENT_3D ( 'NONE', #297, #498, #1414 ) ;
#891 = ORIENTED_EDGE ( 'NONE', *, *, #368, .F. ) ;
#892 = CARTESIAN_POINT ( 'NONE',  ( -0.5411985195051306485, 0.4226130617664170530, -0.03492024020832380088 ) ) ;
#893 = AXIS2_PLACEMENT_3D ( 'NONE', #65, #397, #973 ) ;
#894 = AXIS2_PLACEMENT_3D ( 'NONE', #1395, #420, #1068 ) ;
#895 = ORIENTED_EDGE ( 'NONE', *, *, #641, .T. ) ;
#896 = CARTESIAN_POINT ( 'NONE',  ( -0.6674047195615192551, 0.3453838926677675891, -0.01014701593480281903 ) ) ;
#897 = DIMENSIONAL_EXPONENTS ( 1.000000000000000000, 0.000000000000000000, 0.000000000000000000, 0.000000000000000000, 0.000000000000000000, 0.000000000000000000, 0.000000000000000000 ) ;
#898 = CARTESIAN_POINT ( 'NONE',  ( 1.230770033143090329E-17, -4.347496136973105814E-18, 0.1005000000000000338 ) ) ;
#899 = CARTESIAN_POINT ( 'NONE',  ( -6.574249301555212319E-17, 0.3250000000000003442, -0.2809999999999998610 ) ) ;
#900 = ORIENTED_EDGE ( 'NONE', *, *, #264, .T. ) ;
#901 = DIRECTION ( 'NONE',  ( -1.000000000000000000, -1.365923996832131609E-16, 0.000000000000000000 ) ) ;
#902 = EDGE_CURVE ( 'NONE', #754, #428, #870, .T. ) ;
#903 = CARTESIAN_POINT ( 'NONE',  ( -1.250000000000000222, 0.3499999999999999778, 0.000000000000000000 ) ) ;
#904 = CARTESIAN_POINT ( 'NONE',  ( -0.7000000000000000666, 0.4247428627585752570, 0.1659999999999999531 ) ) ;
#905 = VECTOR ( 'NONE', #315, 39.37007874015748143 ) ;
#906 =( NAMED_UNIT ( * ) PLANE_ANGLE_UNIT ( ) SI_UNIT ( $, .RADIAN. ) );
#907 = LINE ( 'NONE', #999, #1400 ) ;
#908 = AXIS2_PLACEMENT_3D ( 'NONE', #418, #874, #1308 ) ;
#909 = CARTESIAN_POINT ( 'NONE',  ( 1.224086179726471982E-16, 0.02500000000000000486, 0.000000000000000000 ) ) ;
#910 = FACE_OUTER_BOUND ( 'NONE', #274, .T. ) ;
#911 = EDGE_CURVE ( 'NONE', #1208, #496, #306, .T. ) ;
#912 = DIRECTION ( 'NONE',  ( -1.000000000000000000, -1.147835291455572360E-16, 0.000000000000000000 ) ) ;
#913 = DIRECTION ( 'NONE',  ( 0.000000000000000000, 0.000000000000000000, -1.000000000000000000 ) ) ;
#914 = AXIS2_PLACEMENT_3D ( 'NONE', #1412, #998, #218 ) ;
#915 = CARTESIAN_POINT ( 'NONE',  ( -0.9999999999999998890, 1.519231717219171236E-17, 0.000000000000000000 ) ) ;
#916 = ADVANCED_FACE ( 'NONE', ( #1415, #877 ), #766, .T. ) ;
#917 = ORIENTED_EDGE ( 'NONE', *, *, #1122, .T. ) ;
#918 = CARTESIAN_POINT ( 'NONE',  ( -1.165000000000000480, 0.3500000000000000888, 0.000000000000000000 ) ) ;
#919 = ORIENTED_EDGE ( 'NONE', *, *, #643, .F. ) ;
#920 = FACE_BOUND ( 'NONE', #862, .T. ) ;
#921 = LINE ( 'NONE', #546, #439 ) ;
#922 = EDGE_CURVE ( 'NONE', #1018, #1404, #1094, .T. ) ;
#923 = EDGE_LOOP ( 'NONE', ( #1191, #604, #272, #192 ) ) ;
#924 = EDGE_CURVE ( 'NONE', #378, #1261, #826, .T. ) ;
#925 = ORIENTED_EDGE ( 'NONE', *, *, #189, .F. ) ;
#926 = AXIS2_PLACEMENT_3D ( 'NONE', #505, #182, #634 ) ;
#927 = DIRECTION ( 'NONE',  ( 0.000000000000000000, 1.000000000000000000, 0.000000000000000000 ) ) ;
#928 = FACE_OUTER_BOUND ( 'NONE', #92, .T. ) ;
#929 = EDGE_LOOP ( 'NONE', ( #832, #1329, #271, #919, #163, #1109, #369, #307 ) ) ;
#930 = ORIENTED_EDGE ( 'NONE', *, *, #1034, .T. ) ;
#931 = EDGE_CURVE ( 'NONE', #1299, #858, #3, .T. ) ;
#932 = VERTEX_POINT ( 'NONE', #194 ) ;
#933 = AXIS2_PLACEMENT_3D ( 'NONE', #81, #739, #414 ) ;
#934 = CARTESIAN_POINT ( 'NONE',  ( 0.000000000000000000, 0.000000000000000000, 0.000000000000000000 ) ) ;
#935 = VERTEX_POINT ( 'NONE', #524 ) ;
#936 = ORIENTED_EDGE ( 'NONE', *, *, #706, .T. ) ;
#937 = DIRECTION ( 'NONE',  ( 1.214000825110214424E-16, -1.000000000000000000, 0.000000000000000000 ) ) ;
#938 = DIRECTION ( 'NONE',  ( -1.214000825110214424E-16, 1.000000000000000000, -0.000000000000000000 ) ) ;
#939 = DIRECTION ( 'NONE',  ( -1.000000000000000000, -1.092739197465705041E-16, 0.000000000000000000 ) ) ;
#940 = EDGE_CURVE ( 'NONE', #223, #1251, #133, .T. ) ;
#941 = EDGE_LOOP ( 'NONE', ( #258, #799 ) ) ;
#942 = ORIENTED_EDGE ( 'NONE', *, *, #691, .F. ) ;
#943 = DIRECTION ( 'NONE',  ( 1.000000000000000000, 2.057114453060439672E-16, 0.000000000000000000 ) ) ;
#944 = CARTESIAN_POINT ( 'NONE',  ( 1.190000000000000391, 0.6000000000000005329, 1.457329690985351034E-16 ) ) ;
#945 = ORIENTED_EDGE ( 'NONE', *, *, #1034, .F. ) ;
#946 = EDGE_LOOP ( 'NONE', ( #32, #148, #146, #1291 ) ) ;
#947 = DIRECTION ( 'NONE',  ( -1.214000825110214424E-16, 1.000000000000000000, -0.000000000000000000 ) ) ;
#948 = CARTESIAN_POINT ( 'NONE',  ( 1.250000000000000222, 0.02500000000000016098, 1.530808498934191817E-16 ) ) ;
#949 = ORIENTED_EDGE ( 'NONE', *, *, #232, .T. ) ;
#950 = CARTESIAN_POINT ( 'NONE',  ( 8.295359115656519798E-17, 0.3500000000000002554, 0.000000000000000000 ) ) ;
#951 = AXIS2_PLACEMENT_3D ( 'NONE', #576, #448, #1119 ) ;
#952 = CIRCLE ( 'NONE', #1316, 1.000000000000000000 ) ;
#953 = CARTESIAN_POINT ( 'NONE',  ( 0.7500000000000003331, 0.2151290928541350622, -0.01089039938697279088 ) ) ;
#954 = EDGE_LOOP ( 'NONE', ( #1029, #363 ) ) ;
#955 = CARTESIAN_POINT ( 'NONE',  ( 0.8999999999999998002, 0.2500000000000000555, 0.1659999999999999531 ) ) ;
#956 = CIRCLE ( 'NONE', #703, 1.250000000000000666 ) ;
#957 = AXIS2_PLACEMENT_3D ( 'NONE', #127, #1232, #135 ) ;
#958 = CYLINDRICAL_SURFACE ( 'NONE', #1069, 0.1004999999999999782 ) ;
#959 = CARTESIAN_POINT ( 'NONE',  ( 1.250000000000000222, 0.6000000000000003109, 1.530808498934191817E-16 ) ) ;
#960 = ORIENTED_EDGE ( 'NONE', *, *, #221, .T. ) ;
#961 = AXIS2_PLACEMENT_3D ( 'NONE', #482, #365, #259 ) ;
#962 = AXIS2_PLACEMENT_3D ( 'NONE', #1091, #202, #517 ) ;
#963 = DIRECTION ( 'NONE',  ( -1.214000825110214424E-16, 1.000000000000000000, -0.000000000000000000 ) ) ;
#964 = ADVANCED_FACE ( 'NONE', ( #1167, #621 ), #1063, .T. ) ;
#965 = EDGE_LOOP ( 'NONE', ( #1393, #293, #1198, #1397, #488, #861 ) ) ;
#966 = CARTESIAN_POINT ( 'NONE',  ( 1.254436200354227016E-16, 1.365923996832131609E-16, 0.000000000000000000 ) ) ;
#967 = DIRECTION ( 'NONE',  ( -0.000000000000000000, 1.000000000000000000, -0.000000000000000000 ) ) ;
#968 = DIRECTION ( 'NONE',  ( -1.000000000000000000, -1.092739197465705287E-16, 0.000000000000000000 ) ) ;
#969 = DIRECTION ( 'NONE',  ( 1.214000825110214424E-16, -1.000000000000000000, 0.000000000000000000 ) ) ;
#970 = ADVANCED_FACE ( 'NONE', ( #688, #573 ), #345, .T. ) ;
#971 = CARTESIAN_POINT ( 'NONE',  ( 1.165000000000000480, 1.033307535223744189, 1.426713521006667148E-16 ) ) ;
#972 = EDGE_LOOP ( 'NONE', ( #1100, #771 ) ) ;
#973 = DIRECTION ( 'NONE',  ( -1.000000000000000000, -1.092739197465705041E-16, 0.000000000000000000 ) ) ;
#974 = EDGE_CURVE ( 'NONE', #350, #204, #986, .T. ) ;
#975 = CARTESIAN_POINT ( 'NONE',  ( 0.000000000000000000, 0.000000000000000000, 0.000000000000000000 ) ) ;
#976 = DIRECTION ( 'NONE',  ( 0.000000000000000000, 0.000000000000000000, 1.000000000000000000 ) ) ;
#977 = ORIENTED_EDGE ( 'NONE', *, *, #46, .F. ) ;
#978 = VECTOR ( 'NONE', #465, 39.37007874015748143 ) ;
#979 = DIRECTION ( 'NONE',  ( 1.000000000000000000, 2.057114453060439672E-16, 0.000000000000000000 ) ) ;
#980 = VERTEX_POINT ( 'NONE', #834 ) ;
#981 = DIRECTION ( 'NONE',  ( -1.000000000000000000, -1.138269997360108935E-16, 0.000000000000000000 ) ) ;
#982 = CARTESIAN_POINT ( 'NONE',  ( 1.250000000000000222, 0.3500000000000002554, 1.530808498934191817E-16 ) ) ;
#983 = DIRECTION ( 'NONE',  ( -1.214000825110214424E-16, 1.000000000000000000, -0.000000000000000000 ) ) ;
#984 = ORIENTED_EDGE ( 'NONE', *, *, #1402, .F. ) ;
#985 = AXIS2_PLACEMENT_3D ( 'NONE', #120, #1005, #564 ) ;
#986 = CIRCLE ( 'NONE', #1247, 0.1659999999999999531 ) ;
#987 = EDGE_LOOP ( 'NONE', ( #949, #151, #942, #1416 ) ) ;
#988 = CARTESIAN_POINT ( 'NONE',  ( 1.406186303493003911E-16, -0.1249999999999999029, 0.000000000000000000 ) ) ;
#989 = FACE_OUTER_BOUND ( 'NONE', #746, .T. ) ;
#990 = EDGE_CURVE ( 'NONE', #519, #650, #1362, .T. ) ;
#991 = DIRECTION ( 'NONE',  ( -0.000000000000000000, -1.000000000000000000, -0.000000000000000000 ) ) ;
#992 = ORIENTED_EDGE ( 'NONE', *, *, #1212, .F. ) ;
#993 = ADVANCED_FACE ( 'NONE', ( #605 ), #637, .T. ) ;
#994 = DIRECTION ( 'NONE',  ( -1.000000000000000000, -1.147835291455572360E-16, 0.000000000000000000 ) ) ;
#995 = CARTESIAN_POINT ( 'NONE',  ( 0.8999999999999998002, 0.8250000000000005107, 0.000000000000000000 ) ) ;
#996 = PRODUCT_CONTEXT ( 'NONE', #609, 'mechanical' ) ;
#997 = ORIENTED_EDGE ( 'NONE', *, *, #340, .F. ) ;
#998 = DIRECTION ( 'NONE',  ( -1.214000825110214424E-16, 1.000000000000000000, -0.000000000000000000 ) ) ;
#999 = CARTESIAN_POINT ( 'NONE',  ( -6.574249301555212319E-17, 0.8250000000000003997, -0.2809999999999999165 ) ) ;
#1000 = ORIENTED_EDGE ( 'NONE', *, *, #1049, .F. ) ;
#1001 = CARTESIAN_POINT ( 'NONE',  ( 0.000000000000000000, 1.033307535223743967, 0.000000000000000000 ) ) ;
#1002 = CARTESIAN_POINT ( 'NONE',  ( 1.000000000000000222, -0.2250000000000003386, 1.224646799147353207E-16 ) ) ;
#1003 = AXIS2_PLACEMENT_3D ( 'NONE', #1340, #1231, #344 ) ;
#1004 = ORIENTED_EDGE ( 'NONE', *, *, #679, .T. ) ;
#1005 = DIRECTION ( 'NONE',  ( -1.214000825110214424E-16, 1.000000000000000000, -0.000000000000000000 ) ) ;
#1006 = AXIS2_PLACEMENT_3D ( 'NONE', #1211, #867, #665 ) ;
#1007 = DIRECTION ( 'NONE',  ( -1.214000825110214424E-16, 1.000000000000000000, -0.000000000000000000 ) ) ;
#1008 = EDGE_CURVE ( 'NONE', #254, #533, #359, .T. ) ;
#1009 = CIRCLE ( 'NONE', #711, 1.249999999999999556 ) ;
#1010 = ORIENTED_EDGE ( 'NONE', *, *, #398, .T. ) ;
#1011 = CARTESIAN_POINT ( 'NONE',  ( 0.000000000000000000, 0.000000000000000000, -0.1004999999999999782 ) ) ;
#1012 = DIRECTION ( 'NONE',  ( -1.214000825110214424E-16, 1.000000000000000000, -0.000000000000000000 ) ) ;
#1013 = CARTESIAN_POINT ( 'NONE',  ( -0.5999999999999999778, 0.4749999999999997002, 0.000000000000000000 ) ) ;
#1014 = FACE_OUTER_BOUND ( 'NONE', #84, .T. ) ;
#1015 = DIRECTION ( 'NONE',  ( 0.000000000000000000, 0.000000000000000000, 1.000000000000000000 ) ) ;
#1016 = AXIS2_PLACEMENT_3D ( 'NONE', #66, #516, #749 ) ;
#1017 = EDGE_CURVE ( 'NONE', #704, #935, #47, .T. ) ;
#1018 = VERTEX_POINT ( 'NONE', #509 ) ;
#1019 = AXIS2_PLACEMENT_3D ( 'NONE', #1056, #1369, #1396 ) ;
#1020 = CARTESIAN_POINT ( 'NONE',  ( 3.742856021493215400E-17, 0.7250000000000001998, 0.000000000000000000 ) ) ;
#1021 = VECTOR ( 'NONE', #1264, 39.37007874015748143 ) ;
#1022 = ORIENTED_EDGE ( 'NONE', *, *, #340, .T. ) ;
#1023 = DIRECTION ( 'NONE',  ( -1.000000000000000000, -1.229331597148917955E-16, 0.000000000000000000 ) ) ;
#1024 = ADVANCED_FACE ( 'NONE', ( #489 ), #1075, .T. ) ;
#1025 = LINE ( 'NONE', #1136, #183 ) ;
#1026 = AXIS2_PLACEMENT_3D ( 'NONE', #1133, #1036, #26 ) ;
#1027 = ORIENTED_EDGE ( 'NONE', *, *, #1250, .T. ) ;
#1028 = SURFACE_SIDE_STYLE ('',( #11 ) ) ;
#1029 = ORIENTED_EDGE ( 'NONE', *, *, #129, .F. ) ;
#1030 = AXIS2_PLACEMENT_3D ( 'NONE', #1301, #201, #89 ) ;
#1031 = CIRCLE ( 'NONE', #1297, 0.1659999999999999531 ) ;
#1032 = EDGE_CURVE ( 'NONE', #1058, #682, #273, .T. ) ;
#1033 = CYLINDRICAL_SURFACE ( 'NONE', #358, 1.250000000000000666 ) ;
#1034 = EDGE_CURVE ( 'NONE', #36, #285, #1269, .T. ) ;
#1035 = ORIENTED_EDGE ( 'NONE', *, *, #615, .F. ) ;
#1036 = DIRECTION ( 'NONE',  ( -1.214000825110214424E-16, 1.000000000000000000, -0.000000000000000000 ) ) ;
#1037 = EDGE_LOOP ( 'NONE', ( #553, #640, #642, #53, #34, #108, #917, #87 ) ) ;
#1038 = CARTESIAN_POINT ( 'NONE',  ( -0.5999999999999999778, -3.414809992080329023E-17, 0.000000000000000000 ) ) ;
#1039 = AXIS2_PLACEMENT_3D ( 'NONE', #728, #740, #1184 ) ;
#1040 = CARTESIAN_POINT ( 'NONE',  ( 0.7471911111111115833, 0.2247428627585756622, -0.06484939071836669233 ) ) ;
#1041 = VERTEX_POINT ( 'NONE', #830 ) ;
#1042 = VERTEX_POINT ( 'NONE', #73 ) ;
#1043 = AXIS2_PLACEMENT_3D ( 'NONE', #909, #236, #1339 ) ;
#1044 = LINE ( 'NONE', #819, #978 ) ;
#1045 = ORIENTED_EDGE ( 'NONE', *, *, #1296, .T. ) ;
#1046 = PRODUCT_RELATED_PRODUCT_CATEGORY ( 'part', '', ( #462 ) ) ;
#1047 = ORIENTED_EDGE ( 'NONE', *, *, #807, .T. ) ;
#1048 = CARTESIAN_POINT ( 'NONE',  ( 0.7471911111111114723, 0.5248714313792881558, -0.06484939071836666458 ) ) ;
#1049 = EDGE_CURVE ( 'NONE', #1404, #1153, #552, .T. ) ;
#1050 = CARTESIAN_POINT ( 'NONE',  ( -1.250000000000000222, -0.2250000000000000611, 0.000000000000000000 ) ) ;
#1051 = ORIENTED_EDGE ( 'NONE', *, *, #1017, .T. ) ;
#1052 = CYLINDRICAL_SURFACE ( 'NONE', #1112, 0.06799999999999972733 ) ;
#1053 = VERTEX_POINT ( 'NONE', #167 ) ;
#1054 = CARTESIAN_POINT ( 'NONE',  ( 0.000000000000000000, 1.033307535223743967, 0.000000000000000000 ) ) ;
#1055 = ADVANCED_FACE ( 'NONE', ( #289 ), #390, .T. ) ;
#1056 = CARTESIAN_POINT ( 'NONE',  ( -0.7000000000000000666, 0.4247428627585752570, 0.000000000000000000 ) ) ;
#1057 = DIRECTION ( 'NONE',  ( 1.214000825110214424E-16, -1.000000000000000000, 0.000000000000000000 ) ) ;
#1058 = VERTEX_POINT ( 'NONE', #721 ) ;
#1059 = CARTESIAN_POINT ( 'NONE',  ( 0.000000000000000000, 1.033307535223743967, 0.000000000000000000 ) ) ;
#1060 = CARTESIAN_POINT ( 'NONE',  ( -0.7000000000000000666, 0.8250000000000001776, -0.1659999999999996201 ) ) ;
#1061 = EDGE_CURVE ( 'NONE', #152, #1058, #150, .T. ) ;
#1062 = CARTESIAN_POINT ( 'NONE',  ( 0.000000000000000000, -4.347496136973105814E-18, 0.000000000000000000 ) ) ;
#1063 = PLANE ( 'NONE',  #323 ) ;
#1064 = EDGE_CURVE ( 'NONE', #350, #1018, #1065, .T. ) ;
#1065 = LINE ( 'NONE', #1048, #343 ) ;
#1066 = AXIS2_PLACEMENT_3D ( 'NONE', #1098, #528, #1289 ) ;
#1067 = VECTOR ( 'NONE', #256, 39.37007874015748143 ) ;
#1068 = DIRECTION ( 'NONE',  ( 1.000000000000000000, 1.214000825110214671E-16, 0.000000000000000000 ) ) ;
#1069 = AXIS2_PLACEMENT_3D ( 'NONE', #975, #392, #1408 ) ;
#1070 = CARTESIAN_POINT ( 'NONE',  ( -1.190000000000000391, 0.7250000000000000888, 0.000000000000000000 ) ) ;
#1071 = CIRCLE ( 'NONE', #577, 0.7500000000000004441 ) ;
#1072 = AXIS2_PLACEMENT_3D ( 'NONE', #686, #806, #466 ) ;
#1073 = ADVANCED_FACE ( 'NONE', ( #282, #41 ), #515, .T. ) ;
#1074 = EDGE_LOOP ( 'NONE', ( #39, #895, #1078 ) ) ;
#1075 = CYLINDRICAL_SURFACE ( 'NONE', #731, 1.250000000000000666 ) ;
#1076 = DIRECTION ( 'NONE',  ( -1.000000000000000000, -1.092739197465705041E-16, 0.000000000000000000 ) ) ;
#1077 = CARTESIAN_POINT ( 'NONE',  ( -0.5353400000000003711, 0.4749999999999997002, -0.02104957006686923940 ) ) ;
#1078 = ORIENTED_EDGE ( 'NONE', *, *, #1354, .T. ) ;
#1079 = ORIENTED_EDGE ( 'NONE', *, *, #924, .F. ) ;
#1080 = ORIENTED_EDGE ( 'NONE', *, *, #714, .T. ) ;
#1081 = EDGE_CURVE ( 'NONE', #28, #935, #111, .T. ) ;
#1082 = PLANE ( 'NONE',  #387 ) ;
#1083 = DIRECTION ( 'NONE',  ( -1.214000825110214424E-16, 1.000000000000000000, -0.000000000000000000 ) ) ;
#1084 = DIRECTION ( 'NONE',  ( -1.000000000000000000, -1.365923996832131609E-16, 0.000000000000000000 ) ) ;
#1085 = ORIENTED_EDGE ( 'NONE', *, *, #615, .T. ) ;
#1086 = DIRECTION ( 'NONE',  ( 0.000000000000000000, 0.000000000000000000, 1.000000000000000000 ) ) ;
#1087 = DIRECTION ( 'NONE',  ( -0.000000000000000000, 1.000000000000000000, -0.000000000000000000 ) ) ;
#1088 = CIRCLE ( 'NONE', #675, 1.190000000000000391 ) ;
#1089 = ORIENTED_EDGE ( 'NONE', *, *, #807, .F. ) ;
#1090 = DIRECTION ( 'NONE',  ( -0.000000000000000000, -1.000000000000000000, -0.000000000000000000 ) ) ;
#1091 = CARTESIAN_POINT ( 'NONE',  ( -1.001550680715927337E-16, 0.8250000000000003997, 0.000000000000000000 ) ) ;
#1092 = ADVANCED_FACE ( 'NONE', ( #755 ), #371, .T. ) ;
#1093 = ORIENTED_EDGE ( 'NONE', *, *, #623, .T. ) ;
#1094 = CIRCLE ( 'NONE', #1030, 0.7500000000000004441 ) ;
#1095 = PLANE ( 'NONE',  #1006 ) ;
#1096 = DIRECTION ( 'NONE',  ( -0.000000000000000000, 1.000000000000000000, -0.000000000000000000 ) ) ;
#1097 = VERTEX_POINT ( 'NONE', #955 ) ;
#1098 = CARTESIAN_POINT ( 'NONE',  ( 0.8999999999999998002, 0.2247428627585756622, 0.000000000000000000 ) ) ;
#1099 = DIRECTION ( 'NONE',  ( 0.000000000000000000, 0.000000000000000000, 1.000000000000000000 ) ) ;
#1100 = ORIENTED_EDGE ( 'NONE', *, *, #415, .F. ) ;
#1101 = CARTESIAN_POINT ( 'NONE',  ( -0.6090035479479098957, 0.3931883424360953505, -0.06800000000003726675 ) ) ;
#1102 = DIRECTION ( 'NONE',  ( -1.214000825110214424E-16, 1.000000000000000000, -0.000000000000000000 ) ) ;
#1103 = EDGE_CURVE ( 'NONE', #754, #1325, #211, .T. ) ;
#1104 = CIRCLE ( 'NONE', #314, 0.1659999999999999531 ) ;
#1105 = EDGE_CURVE ( 'NONE', #1053, #1042, #235, .T. ) ;
#1106 = EDGE_LOOP ( 'NONE', ( #588, #128, #383, #416 ) ) ;
#1107 = CARTESIAN_POINT ( 'NONE',  ( 1.224086179726471982E-16, 0.02500000000000000486, 0.000000000000000000 ) ) ;
#1108 = DIMENSIONAL_EXPONENTS ( 1.000000000000000000, 0.000000000000000000, 0.000000000000000000, 0.000000000000000000, 0.000000000000000000, 0.000000000000000000, 0.000000000000000000 ) ;
#1109 = ORIENTED_EDGE ( 'NONE', *, *, #479, .T. ) ;
#1110 = CARTESIAN_POINT ( 'NONE',  ( -0.6534291848712009410, 0.3630599573342672692, -0.04293541998439777407 ) ) ;
#1111 = ADVANCED_FACE ( 'NONE', ( #216, #772 ), #1082, .T. ) ;
#1112 = AXIS2_PLACEMENT_3D ( 'NONE', #142, #1169, #360 ) ;
#1113 = EDGE_CURVE ( 'NONE', #1253, #533, #1326, .T. ) ;
#1114 =( CONVERSION_BASED_UNIT ( 'INCH', #453 ) LENGTH_UNIT ( ) NAMED_UNIT ( #1108 ) );
#1115 = FACE_OUTER_BOUND ( 'NONE', #774, .T. ) ;
#1116 = AXIS2_PLACEMENT_3D ( 'NONE', #864, #1083, #1076 ) ;
#1117 = ORIENTED_EDGE ( 'NONE', *, *, #586, .F. ) ;
#1118 = CARTESIAN_POINT ( 'NONE',  ( -0.7000000000000000666, 0.8250000000000001776, 0.000000000000000000 ) ) ;
#1119 = DIRECTION ( 'NONE',  ( -1.000000000000000000, -1.821231995776174493E-16, 0.000000000000000000 ) ) ;
#1120 = DIRECTION ( 'NONE',  ( -1.000000000000000000, -1.092739197465705657E-16, 0.000000000000000000 ) ) ;
#1121 = DIRECTION ( 'NONE',  ( -0.000000000000000000, 1.000000000000000000, -0.000000000000000000 ) ) ;
#1122 = EDGE_CURVE ( 'NONE', #1053, #137, #884, .T. ) ;
#1123 = CARTESIAN_POINT ( 'NONE',  ( -0.6585013862561145404, 0.3578220356525855239, 0.03580069689912436515 ) ) ;
#1124 = DIRECTION ( 'NONE',  ( -1.000000000000000000, -1.092739197465705041E-16, 0.000000000000000000 ) ) ;
#1125 = DIRECTION ( 'NONE',  ( -1.214000825110214424E-16, 1.000000000000000000, 0.000000000000000000 ) ) ;
#1126 = CIRCLE ( 'NONE', #649, 0.2809999999999998610 ) ;
#1127 = ORIENTED_EDGE ( 'NONE', *, *, #460, .F. ) ;
#1128 = EDGE_CURVE ( 'NONE', #587, #519, #1071, .T. ) ;
#1129 = DIRECTION ( 'NONE',  ( -1.214000825110214424E-16, 1.000000000000000000, -0.000000000000000000 ) ) ;
#1130 = VECTOR ( 'NONE', #557, 39.37007874015748143 ) ;
#1131 = AXIS2_PLACEMENT_3D ( 'NONE', #96, #537, #994 ) ;
#1132 = ORIENTED_EDGE ( 'NONE', *, *, #179, .F. ) ;
#1133 = CARTESIAN_POINT ( 'NONE',  ( 0.000000000000000000, 1.033307535223743967, 0.000000000000000000 ) ) ;
#1134 = AXIS2_PLACEMENT_3D ( 'NONE', #1154, #850, #1179 ) ;
#1135 = FACE_OUTER_BOUND ( 'NONE', #227, .T. ) ;
#1136 = CARTESIAN_POINT ( 'NONE',  ( 0.7471911111111114723, 0.5248714313792881558, 0.06484939071836666458 ) ) ;
#1137 = DIRECTION ( 'NONE',  ( -1.214000825110214424E-16, 1.000000000000000000, -0.000000000000000000 ) ) ;
#1138 = ORIENTED_EDGE ( 'NONE', *, *, #474, .T. ) ;
#1139 = VERTEX_POINT ( 'NONE', #1300 ) ;
#1140 = VECTOR ( 'NONE', #1315, 39.37007874015748143 ) ;
#1141 = DIRECTION ( 'NONE',  ( 0.000000000000000000, 0.000000000000000000, -1.000000000000000000 ) ) ;
#1142 = CIRCLE ( 'NONE', #1039, 1.250000000000000666 ) ;
#1143 = DIRECTION ( 'NONE',  ( -1.000000000000000000, -1.209106542260201737E-16, 0.000000000000000000 ) ) ;
#1144 = EDGE_CURVE ( 'NONE', #1170, #428, #787, .T. ) ;
#1145 = EDGE_LOOP ( 'NONE', ( #1176, #522, #871, #1280 ) ) ;
#1146 = ORIENTED_EDGE ( 'NONE', *, *, #98, .F. ) ;
#1147 = CARTESIAN_POINT ( 'NONE',  ( 3.742856021493215400E-17, 0.7250000000000001998, 0.000000000000000000 ) ) ;
#1148 = VECTOR ( 'NONE', #1012, 39.37007874015748143 ) ;
#1149 = LINE ( 'NONE', #162, #147 ) ;
#1150 = EDGE_LOOP ( 'NONE', ( #1355, #253 ) ) ;
#1151 =( LENGTH_UNIT ( ) NAMED_UNIT ( * ) SI_UNIT ( $, .METRE. ) );
#1152 = AXIS2_PLACEMENT_3D ( 'NONE', #467, #5, #443 ) ;
#1153 = VERTEX_POINT ( 'NONE', #326 ) ;
#1154 = CARTESIAN_POINT ( 'NONE',  ( 0.000000000000000000, 1.033307535223743967, 0.000000000000000000 ) ) ;
#1155 = AXIS2_PLACEMENT_3D ( 'NONE', #263, #1159, #1143 ) ;
#1156 = CYLINDRICAL_SURFACE ( 'NONE', #1376, 1.165000000000000480 ) ;
#1157 = DIRECTION ( 'NONE',  ( -1.214000825110214424E-16, 1.000000000000000000, -0.000000000000000000 ) ) ;
#1158 = ORIENTED_EDGE ( 'NONE', *, *, #1113, .F. ) ;
#1159 = DIRECTION ( 'NONE',  ( -1.214000825110214424E-16, 1.000000000000000000, -0.000000000000000000 ) ) ;
#1160 = DIRECTION ( 'NONE',  ( -1.214000825110214424E-16, 1.000000000000000000, -0.000000000000000000 ) ) ;
#1161 = ORIENTED_EDGE ( 'NONE', *, *, #504, .F. ) ;
#1162 = DIRECTION ( 'NONE',  ( -1.214000825110214424E-16, 1.000000000000000000, -0.000000000000000000 ) ) ;
#1163 = ADVANCED_FACE ( 'NONE', ( #296, #412 ), #1095, .T. ) ;
#1164 = LINE ( 'NONE', #525, #113 ) ;
#1165 = FACE_OUTER_BOUND ( 'NONE', #614, .T. ) ;
#1166 = CARTESIAN_POINT ( 'NONE',  ( 0.000000000000000000, -4.347496136973105814E-18, 0.000000000000000000 ) ) ;
#1167 = FACE_OUTER_BOUND ( 'NONE', #544, .T. ) ;
#1168 = VERTEX_POINT ( 'NONE', #419 ) ;
#1169 = DIRECTION ( 'NONE',  ( -0.000000000000000000, -1.000000000000000000, -0.000000000000000000 ) ) ;
#1170 = VERTEX_POINT ( 'NONE', #304 ) ;
#1171 = VERTEX_POINT ( 'NONE', #1197 ) ;
#1172 = EDGE_CURVE ( 'NONE', #1208, #1265, #1388, .T. ) ;
#1173 = DIRECTION ( 'NONE',  ( -1.214000825110214424E-16, 1.000000000000000000, -0.000000000000000000 ) ) ;
#1174 = FACE_BOUND ( 'NONE', #121, .T. ) ;
#1175 = CARTESIAN_POINT ( 'NONE',  ( 0.7500000000000009992, 0.2151290928541327030, 0.02200157345175326670 ) ) ;
#1176 = ORIENTED_EDGE ( 'NONE', *, *, #240, .F. ) ;
#1177 = EDGE_CURVE ( 'NONE', #935, #28, #1361, .T. ) ;
#1178 = ORIENTED_EDGE ( 'NONE', *, *, #761, .T. ) ;
#1179 = DIRECTION ( 'NONE',  ( -1.000000000000000000, -1.092739197465705041E-16, 0.000000000000000000 ) ) ;
#1180 = AXIS2_PLACEMENT_3D ( 'NONE', #520, #402, #979 ) ;
#1181 = CIRCLE ( 'NONE', #597, 1.165000000000000480 ) ;
#1182 = DIRECTION ( 'NONE',  ( 0.000000000000000000, 0.000000000000000000, 1.000000000000000000 ) ) ;
#1183 = LINE ( 'NONE', #1387, #298 ) ;
#1184 = DIRECTION ( 'NONE',  ( -1.000000000000000000, -1.092739197465704671E-16, 0.000000000000000000 ) ) ;
#1185 = EDGE_LOOP ( 'NONE', ( #845, #610, #1093, #468 ) ) ;
#1186 = VECTOR ( 'NONE', #947, 39.37007874015748143 ) ;
#1187 = CIRCLE ( 'NONE', #555, 1.249999999999999556 ) ;
#1188 = ORIENTED_EDGE ( 'NONE', *, *, #138, .F. ) ;
#1189 = CARTESIAN_POINT ( 'NONE',  ( -1.001550680715927337E-16, 0.2165446582655255747, 0.000000000000000000 ) ) ;
#1190 = FACE_OUTER_BOUND ( 'NONE', #213, .T. ) ;
#1191 = ORIENTED_EDGE ( 'NONE', *, *, #911, .F. ) ;
#1192 = DIRECTION ( 'NONE',  ( -1.214000825110214424E-16, 1.000000000000000000, -0.000000000000000000 ) ) ;
#1193 = ADVANCED_FACE ( 'NONE', ( #1426 ), #199, .F. ) ;
#1194 = PLANE ( 'NONE',  #908 ) ;
#1195 = ORIENTED_EDGE ( 'NONE', *, *, #1273, .T. ) ;
#1196 = EDGE_CURVE ( 'NONE', #1168, #454, #88, .T. ) ;
#1197 = CARTESIAN_POINT ( 'NONE',  ( -1.250000000000000222, 0.2499999999999998057, 0.000000000000000000 ) ) ;
#1198 = ORIENTED_EDGE ( 'NONE', *, *, #330, .T. ) ;
#1199 = AXIS2_PLACEMENT_3D ( 'NONE', #722, #620, #23 ) ;
#1200 = LINE ( 'NONE', #205, #59 ) ;
#1201 = DIRECTION ( 'NONE',  ( 0.000000000000000000, 0.000000000000000000, 1.000000000000000000 ) ) ;
#1202 = EDGE_LOOP ( 'NONE', ( #583, #425, #381, #244, #1047, #1239, #257 ) ) ;
#1203 = DIRECTION ( 'NONE',  ( -0.000000000000000000, -1.000000000000000000, -0.000000000000000000 ) ) ;
#1204 = CYLINDRICAL_SURFACE ( 'NONE', #1248, 0.1659999999999999531 ) ;
#1205 = CARTESIAN_POINT ( 'NONE',  ( -0.9999999999999998890, -6.070004125551070888E-17, 0.000000000000000000 ) ) ;
#1206 = CARTESIAN_POINT ( 'NONE',  ( -1.001550680715927337E-16, 0.8250000000000003997, 0.000000000000000000 ) ) ;
#1207 = CARTESIAN_POINT ( 'NONE',  ( -1.001550680715927337E-16, 0.8250000000000003997, 0.000000000000000000 ) ) ;
#1208 = VERTEX_POINT ( 'NONE', #208 ) ;
#1209 = AXIS2_PLACEMENT_3D ( 'NONE', #809, #1125, #1420 ) ;
#1210 = AXIS2_PLACEMENT_3D ( 'NONE', #449, #1349, #110 ) ;
#1211 = CARTESIAN_POINT ( 'NONE',  ( -1.250000000000000222, 0.2499999999999998335, 0.000000000000000000 ) ) ;
#1212 = EDGE_CURVE ( 'NONE', #821, #36, #1181, .T. ) ;
#1213 = ORIENTED_EDGE ( 'NONE', *, *, #1234, .T. ) ;
#1214 = CARTESIAN_POINT ( 'NONE',  ( -0.5733241858199067398, 0.4099375776071237931, -0.06293068839251930724 ) ) ;
#1215 = CARTESIAN_POINT ( 'NONE',  ( -1.250000000000000222, 0.6000000000000000888, 0.000000000000000000 ) ) ;
#1216 = CARTESIAN_POINT ( 'NONE',  ( -0.7000000000000000666, 0.4247428627585752570, 0.000000000000000000 ) ) ;
#1217 = ORIENTED_EDGE ( 'NONE', *, *, #1383, .T. ) ;
#1218 = CARTESIAN_POINT ( 'NONE',  ( 0.7500000000000005551, 0.1250000000000001110, 9.184850993605154600E-17 ) ) ;
#1219 = EDGE_CURVE ( 'NONE', #704, #1041, #475, .T. ) ;
#1220 = CLOSED_SHELL ( 'NONE', ( #1193, #1358, #824, #72, #883, #667, #283, #818, #1024, #717, #1055, #364, #1257, #993, #661, #710, #1295, #310, #854, #1267, #1363, #294, #1111, #1092, #970, #160, #1163, #180, #964, #176, #1073, #770, #916, #417, #225, #873, #123, #301, #594, #29, #841, #112, #671, #436, #394, #275, #1341 ) ) ;
#1221 = CARTESIAN_POINT ( 'NONE',  ( -1.190000000000000391, 1.033307535223743967, 0.000000000000000000 ) ) ;
#1222 = DIRECTION ( 'NONE',  ( -0.000000000000000000, 1.000000000000000000, -0.000000000000000000 ) ) ;
#1223 = EDGE_LOOP ( 'NONE', ( #354, #1374, #1085, #960 ) ) ;
#1224 = DIRECTION ( 'NONE',  ( -1.214000825110214424E-16, 1.000000000000000000, -0.000000000000000000 ) ) ;
#1225 = CARTESIAN_POINT ( 'NONE',  ( -0.6411357685587617539, 0.3733373858271797352, 0.05483381856674548332 ) ) ;
#1226 = DIRECTION ( 'NONE',  ( -0.000000000000000000, -1.000000000000000000, -0.000000000000000000 ) ) ;
#1227 = COLOUR_RGB ( '',0.7921568627450980005, 0.8196078431372548767, 0.9333333333333333481 ) ;
#1228 = EDGE_CURVE ( 'NONE', #346, #152, #37, .T. ) ;
#1229 = DIRECTION ( 'NONE',  ( 1.049727191138618079E-16, 0.5150380749100549327, -0.8571673007021117785 ) ) ;
#1230 = DIRECTION ( 'NONE',  ( -1.214000825110214424E-16, 1.000000000000000000, -0.000000000000000000 ) ) ;
#1231 = DIRECTION ( 'NONE',  ( -0.000000000000000000, 1.000000000000000000, -0.000000000000000000 ) ) ;
#1232 = DIRECTION ( 'NONE',  ( -1.214000825110214424E-16, 1.000000000000000000, -0.000000000000000000 ) ) ;
#1233 = ORIENTED_EDGE ( 'NONE', *, *, #911, .T. ) ;
#1234 = EDGE_CURVE ( 'NONE', #1325, #754, #548, .T. ) ;
#1235 = MANIFOLD_SOLID_BREP ( '#29 (0.136) Diameter Hole4', #1220 ) ;
#1236 = DIRECTION ( 'NONE',  ( -0.000000000000000000, 1.000000000000000000, -0.000000000000000000 ) ) ;
#1237 = CYLINDRICAL_SURFACE ( 'NONE', #1003, 0.1659999999999997866 ) ;
#1238 = ORIENTED_EDGE ( 'NONE', *, *, #1008, .T. ) ;
#1239 = ORIENTED_EDGE ( 'NONE', *, *, #1105, .T. ) ;
#1240 = FACE_BOUND ( 'NONE', #742, .T. ) ;
#1241 = VECTOR ( 'NONE', #284, 39.37007874015748143 ) ;
#1242 = CIRCLE ( 'NONE', #1155, 1.165000000000000480 ) ;
#1243 = AXIS2_PLACEMENT_3D ( 'NONE', #291, #1310, #750 ) ;
#1244 = CARTESIAN_POINT ( 'NONE',  ( 1.224086179726471982E-16, 0.02500000000000000486, 0.000000000000000000 ) ) ;
#1245 = EDGE_LOOP ( 'NONE', ( #1089, #388, #1022, #461 ) ) ;
#1246 = ORIENTED_EDGE ( 'NONE', *, *, #653, .F. ) ;
#1247 = AXIS2_PLACEMENT_3D ( 'NONE', #250, #185, #727 ) ;
#1248 = AXIS2_PLACEMENT_3D ( 'NONE', #660, #1096, #1399 ) ;
#1249 = CARTESIAN_POINT ( 'NONE',  ( 9.509359940766737181E-17, 0.2499999999999999167, 0.000000000000000000 ) ) ;
#1250 = EDGE_CURVE ( 'NONE', #242, #794, #760, .T. ) ;
#1251 = VERTEX_POINT ( 'NONE', #918 ) ;
#1252 = CARTESIAN_POINT ( 'NONE',  ( 0.7481077916807546968, 0.2217566125834332935, -0.05428744764105759846 ) ) ;
#1253 = VERTEX_POINT ( 'NONE', #243 ) ;
#1254 = EDGE_LOOP ( 'NONE', ( #1317, #1195 ) ) ;
#1255 = CARTESIAN_POINT ( 'NONE',  ( 1.250000000000000222, 1.033307535223744189, 1.530808498934191817E-16 ) ) ;
#1256 = DIRECTION ( 'NONE',  ( -0.000000000000000000, 1.000000000000000000, -0.000000000000000000 ) ) ;
#1257 = ADVANCED_FACE ( 'NONE', ( #341 ), #808, .T. ) ;
#1258 = CONICAL_SURFACE ( 'NONE', #219, 0.2809999999999998610, 1.029744258676653645 ) ;
#1259 = CARTESIAN_POINT ( 'NONE',  ( 0.8999999999999998002, 0.2500000000000000555, 0.000000000000000000 ) ) ;
#1260 = ORIENTED_EDGE ( 'NONE', *, *, #474, .F. ) ;
#1261 = VERTEX_POINT ( 'NONE', #815 ) ;
#1262 = DIRECTION ( 'NONE',  ( -1.214000825110214424E-16, 1.000000000000000000, -0.000000000000000000 ) ) ;
#1263 = FACE_OUTER_BOUND ( 'NONE', #101, .T. ) ;
#1264 = DIRECTION ( 'NONE',  ( -1.214000825110214424E-16, 1.000000000000000000, -0.000000000000000000 ) ) ;
#1265 = VERTEX_POINT ( 'NONE', #238 ) ;
#1266 = LINE ( 'NONE', #1366, #1067 ) ;
#1267 = ADVANCED_FACE ( 'NONE', ( #1014 ), #702, .T. ) ;
#1268 = ORIENTED_EDGE ( 'NONE', *, *, #1128, .T. ) ;
#1269 = LINE ( 'NONE', #277, #708 ) ;
#1270 = AXIS2_PLACEMENT_3D ( 'NONE', #950, #382, #1272 ) ;
#1271 = CARTESIAN_POINT ( 'NONE',  ( -0.7000000000000000666, 0.4247428627585752570, -0.1659999999999999531 ) ) ;
#1272 = DIRECTION ( 'NONE',  ( -1.000000000000000000, -1.172466950070498631E-16, 0.000000000000000000 ) ) ;
#1273 = EDGE_CURVE ( 'NONE', #285, #134, #153, .T. ) ;
#1274 = DIRECTION ( 'NONE',  ( -1.214000825110214424E-16, 1.000000000000000000, -0.000000000000000000 ) ) ;
#1275 = DIRECTION ( 'NONE',  ( -1.000000000000000000, -1.092739197465705041E-16, 0.000000000000000000 ) ) ;
#1276 = ORIENTED_EDGE ( 'NONE', *, *, #442, .T. ) ;
#1277 = CARTESIAN_POINT ( 'NONE',  ( 0.7500000000000004441, 1.033307535223744189, 9.184850993605154600E-17 ) ) ;
#1278 = EDGE_CURVE ( 'NONE', #1265, #1299, #712, .T. ) ;
#1279 = FACE_OUTER_BOUND ( 'NONE', #1202, .T. ) ;
#1280 = ORIENTED_EDGE ( 'NONE', *, *, #334, .T. ) ;
#1281 = LINE ( 'NONE', #971, #335 ) ;
#1282 = CIRCLE ( 'NONE', #124, 1.250000000000000222 ) ;
#1283 = EDGE_LOOP ( 'NONE', ( #992, #565 ) ) ;
#1284 = DIRECTION ( 'NONE',  ( -1.214000825110214424E-16, 1.000000000000000000, -0.000000000000000000 ) ) ;
#1285 = CARTESIAN_POINT ( 'NONE',  ( -1.001550680715927337E-16, 0.8250000000000003997, 0.2809999999999999720 ) ) ;
#1286 = AXIS2_PLACEMENT_3D ( 'NONE', #145, #485, #279 ) ;
#1287 = CARTESIAN_POINT ( 'NONE',  ( 0.7500000000000203171, 0.2151290928540630365, -5.899615024689768138E-15 ) ) ;
#1288 = AXIS2_PLACEMENT_3D ( 'NONE', #768, #1087, #1201 ) ;
#1289 = DIRECTION ( 'NONE',  ( 0.000000000000000000, 0.000000000000000000, 1.000000000000000000 ) ) ;
#1290 = ORIENTED_EDGE ( 'NONE', *, *, #559, .F. ) ;
#1291 = ORIENTED_EDGE ( 'NONE', *, *, #1250, .F. ) ;
#1292 = DIRECTION ( 'NONE',  ( -1.000000000000000000, -1.092739197465705041E-16, 0.000000000000000000 ) ) ;
#1293 = AXIS2_PLACEMENT_3D ( 'NONE', #558, #233, #581 ) ;
#1294 = LINE ( 'NONE', #1302, #846 ) ;
#1295 = ADVANCED_FACE ( 'NONE', ( #687 ), #550, .T. ) ;
#1296 = EDGE_CURVE ( 'NONE', #682, #1058, #342, .T. ) ;
#1297 = AXIS2_PLACEMENT_3D ( 'NONE', #511, #967, #758 ) ;
#1298 = FACE_OUTER_BOUND ( 'NONE', #725, .T. ) ;
#1299 = VERTEX_POINT ( 'NONE', #899 ) ;
#1300 = CARTESIAN_POINT ( 'NONE',  ( 1.165000000000000480, 0.5000000000000002220, 1.426713521006667148E-16 ) ) ;
#1301 = CARTESIAN_POINT ( 'NONE',  ( 9.509359940766735948E-17, 0.2500000000000000555, 0.000000000000000000 ) ) ;
#1302 = CARTESIAN_POINT ( 'NONE',  ( 1.250000000000000222, 1.033307535223744189, 1.530808498934191817E-16 ) ) ;
#1303 = DIRECTION ( 'NONE',  ( -1.000000000000000000, -1.092739197465704671E-16, 0.000000000000000000 ) ) ;
#1304 = CYLINDRICAL_SURFACE ( 'NONE', #195, 1.000000000000000000 ) ;
#1305 = ORIENTED_EDGE ( 'NONE', *, *, #138, .T. ) ;
#1306 = DIRECTION ( 'NONE',  ( -1.000000000000000000, -1.092739197465705041E-16, 0.000000000000000000 ) ) ;
#1307 = CARTESIAN_POINT ( 'NONE',  ( -0.5410792387972869211, 0.4226575183135927172, 0.03474157251675633051 ) ) ;
#1308 = DIRECTION ( 'NONE',  ( 1.000000000000000000, 1.214000825110214424E-16, 0.000000000000000000 ) ) ;
#1309 = CARTESIAN_POINT ( 'NONE',  ( -1.000000000000000000, 1.033307535223743967, 0.000000000000000000 ) ) ;
#1310 = DIRECTION ( 'NONE',  ( -1.214000825110214424E-16, 1.000000000000000000, -0.000000000000000000 ) ) ;
#1311 = DIRECTION ( 'NONE',  ( -0.000000000000000000, 1.000000000000000000, -0.000000000000000000 ) ) ;
#1312 = CARTESIAN_POINT ( 'NONE',  ( -0.6217861547334975203, 0.3859336439562491283, 0.06456416876517923065 ) ) ;
#1313 = CIRCLE ( 'NONE', #1199, 1.000000000000000000 ) ;
#1314 = CARTESIAN_POINT ( 'NONE',  ( -1.165000000000000480, 1.033307535223743967, 0.000000000000000000 ) ) ;
#1315 = DIRECTION ( 'NONE',  ( -1.214000825110214424E-16, 1.000000000000000000, -0.000000000000000000 ) ) ;
#1316 = AXIS2_PLACEMENT_3D ( 'NONE', #317, #1102, #440 ) ;
#1317 = ORIENTED_EDGE ( 'NONE', *, *, #1425, .T. ) ;
#1318 = EDGE_CURVE ( 'NONE', #1265, #1208, #356, .T. ) ;
#1319 = DIRECTION ( 'NONE',  ( -1.214000825110214424E-16, 1.000000000000000000, -0.000000000000000000 ) ) ;
#1320 = CIRCLE ( 'NONE', #503, 0.7500000000000004441 ) ;
#1321 = ORIENTED_EDGE ( 'NONE', *, *, #1032, .T. ) ;
#1322 = AXIS2_PLACEMENT_3D ( 'NONE', #1368, #747, #616 ) ;
#1323 = DIRECTION ( 'NONE',  ( 1.000000000000000000, 0.000000000000000000, 0.000000000000000000 ) ) ;
#1324 = AXIS2_PLACEMENT_3D ( 'NONE', #876, #67, #654 ) ;
#1325 = VERTEX_POINT ( 'NONE', #1333 ) ;
#1326 = LINE ( 'NONE', #1309, #251 ) ;
#1327 = LINE ( 'NONE', #756, #126 ) ;
#1328 = EDGE_CURVE ( 'NONE', #346, #682, #332, .T. ) ;
#1329 = ORIENTED_EDGE ( 'NONE', *, *, #50, .T. ) ;
#1330 = CARTESIAN_POINT ( 'NONE',  ( -0.6653516469919122933, 0.3487433921044781893, -0.01937834840724636520 ) ) ;
#1331 = DIRECTION ( 'NONE',  ( -1.214000825110214424E-16, 1.000000000000000000, -0.000000000000000000 ) ) ;
#1332 = VERTEX_POINT ( 'NONE', #286 ) ;
#1333 = CARTESIAN_POINT ( 'NONE',  ( 1.250000000000000222, 0.7250000000000004219, 1.530808498934191817E-16 ) ) ;
#1334 = ORIENTED_EDGE ( 'NONE', *, *, #569, .F. ) ;
#1335 = CARTESIAN_POINT ( 'NONE',  ( -0.6337937618481388480, 0.3785199347637475120, -0.05964780896349907574 ) ) ;
#1336 = CIRCLE ( 'NONE', #723, 0.1659999999999999531 ) ;
#1337 = DIRECTION ( 'NONE',  ( -1.214000825110214424E-16, 1.000000000000000000, -0.000000000000000000 ) ) ;
#1338 = CARTESIAN_POINT ( 'NONE',  ( -0.5999999999999999778, -0.2250000000000001998, 0.06799999999999972733 ) ) ;
#1339 = DIRECTION ( 'NONE',  ( -1.000000000000000000, -1.229331597148918448E-16, 0.000000000000000000 ) ) ;
#1340 = CARTESIAN_POINT ( 'NONE',  ( -0.7000000000000000666, 0.8250000000000001776, 0.000000000000000000 ) ) ;
#1341 = ADVANCED_FACE ( 'NONE', ( #1382 ), #1052, .F. ) ;
#1342 = AXIS2_PLACEMENT_3D ( 'NONE', #1054, #1262, #1375 ) ;
#1343 = FILL_AREA_STYLE ('',( #572 ) ) ;
#1344 = ORIENTED_EDGE ( 'NONE', *, *, #738, .F. ) ;
#1345 = CARTESIAN_POINT ( 'NONE',  ( 0.7471911111111114723, 0.2247428627585756622, 0.06484939071836669233 ) ) ;
#1346 = ORIENTED_EDGE ( 'NONE', *, *, #814, .F. ) ;
#1347 = PRESENTATION_STYLE_ASSIGNMENT (( #22 ) ) ;
#1348 = ORIENTED_EDGE ( 'NONE', *, *, #434, .T. ) ;
#1349 = DIRECTION ( 'NONE',  ( -1.214000825110214424E-16, 1.000000000000000000, -0.000000000000000000 ) ) ;
#1350 = EDGE_CURVE ( 'NONE', #650, #350, #689, .T. ) ;
#1351 = ORIENTED_EDGE ( 'NONE', *, *, #442, .F. ) ;
#1352 = EDGE_CURVE ( 'NONE', #866, #242, #753, .T. ) ;
#1353 = ORIENTED_EDGE ( 'NONE', *, *, #445, .F. ) ;
#1354 = EDGE_CURVE ( 'NONE', #732, #454, #1381, .T. ) ;
#1355 = ORIENTED_EDGE ( 'NONE', *, *, #232, .F. ) ;
#1356 = VECTOR ( 'NONE', #529, 39.37007874015748143 ) ;
#1357 = PLANE ( 'NONE',  #181 ) ;
#1358 = ADVANCED_FACE ( 'NONE', ( #602 ), #718, .F. ) ;
#1359 = EDGE_LOOP ( 'NONE', ( #945, #695, #1178, #405 ) ) ;
#1360 = EDGE_LOOP ( 'NONE', ( #763, #1213, #12, #173 ) ) ;
#1361 = CIRCLE ( 'NONE', #914, 1.250000000000000222 ) ;
#1362 = LINE ( 'NONE', #1277, #659 ) ;
#1363 = ADVANCED_FACE ( 'NONE', ( #928, #44 ), #1357, .T. ) ;
#1364 = ORIENTED_EDGE ( 'NONE', *, *, #1425, .F. ) ;
#1365 = ORIENTED_EDGE ( 'NONE', *, *, #189, .T. ) ;
#1366 = CARTESIAN_POINT ( 'NONE',  ( -1.250000000000000222, 1.033307535223743967, 0.000000000000000000 ) ) ;
#1367 = ORIENTED_EDGE ( 'NONE', *, *, #1234, .F. ) ;
#1368 = CARTESIAN_POINT ( 'NONE',  ( 1.102686097215450244E-16, 0.1250000000000001665, 0.000000000000000000 ) ) ;
#1369 = DIRECTION ( 'NONE',  ( -0.000000000000000000, 1.000000000000000000, -0.000000000000000000 ) ) ;
#1370 = ORIENTED_EDGE ( 'NONE', *, *, #1228, .T. ) ;
#1371 = EDGE_CURVE ( 'NONE', #519, #587, #1320, .T. ) ;
#1372 = ORIENTED_EDGE ( 'NONE', *, *, #940, .F. ) ;
#1373 = DIRECTION ( 'NONE',  ( -0.000000000000000000, 1.000000000000000000, -0.000000000000000000 ) ) ;
#1374 = ORIENTED_EDGE ( 'NONE', *, *, #1318, .T. ) ;
#1375 = DIRECTION ( 'NONE',  ( -1.000000000000000000, -1.172466950070498631E-16, 0.000000000000000000 ) ) ;
#1376 = AXIS2_PLACEMENT_3D ( 'NONE', #1377, #619, #380 ) ;
#1377 = CARTESIAN_POINT ( 'NONE',  ( 0.000000000000000000, 1.033307535223743967, 0.000000000000000000 ) ) ;
#1378 = CYLINDRICAL_SURFACE ( 'NONE', #222, 0.2809999999999999165 ) ;
#1379 = EDGE_LOOP ( 'NONE', ( #446, #1027 ) ) ;
#1380 = AXIS2_PLACEMENT_3D ( 'NONE', #1206, #662, #76 ) ;
#1381 = CIRCLE ( 'NONE', #130, 0.1659999999999999531 ) ;
#1382 = FACE_OUTER_BOUND ( 'NONE', #1037, .T. ) ;
#1383 = EDGE_CURVE ( 'NONE', #533, #254, #705, .T. ) ;
#1384 = CARTESIAN_POINT ( 'NONE',  ( 0.000000000000000000, 1.033307535223743967, 0.000000000000000000 ) ) ;
#1385 = EDGE_LOOP ( 'NONE', ( #726, #1246 ) ) ;
#1386 = DIRECTION ( 'NONE',  ( -1.000000000000000000, -1.214000825110214424E-16, 0.000000000000000000 ) ) ;
#1387 = CARTESIAN_POINT ( 'NONE',  ( -1.250000000000000000, 1.033307535223743967, 0.000000000000000000 ) ) ;
#1388 = CIRCLE ( 'NONE', #437, 0.1004999999999999782 ) ;
#1389 = FACE_OUTER_BOUND ( 'NONE', #149, .T. ) ;
#1390 = AXIS2_PLACEMENT_3D ( 'NONE', #220, #1007, #1023 ) ;
#1391 = ORIENTED_EDGE ( 'NONE', *, *, #974, .T. ) ;
#1392 =( CONVERSION_BASED_UNIT ( 'INCH', #494 ) LENGTH_UNIT ( ) NAMED_UNIT ( #897 ) );
#1393 = ORIENTED_EDGE ( 'NONE', *, *, #990, .F. ) ;
#1394 = DIRECTION ( 'NONE',  ( 1.000000000000000000, 1.214000825110214424E-16, 0.000000000000000000 ) ) ;
#1395 = CARTESIAN_POINT ( 'NONE',  ( -0.5999999999999999778, -3.414809992080329023E-17, 0.000000000000000000 ) ) ;
#1396 = DIRECTION ( 'NONE',  ( 0.000000000000000000, 0.000000000000000000, 1.000000000000000000 ) ) ;
#1397 = ORIENTED_EDGE ( 'NONE', *, *, #922, .F. ) ;
#1398 = CARTESIAN_POINT ( 'NONE',  ( -0.5999999999999999778, 0.3976619134256554888, -0.06799999999999972733 ) ) ;
#1399 = DIRECTION ( 'NONE',  ( 0.000000000000000000, 0.000000000000000000, 1.000000000000000000 ) ) ;
#1400 = VECTOR ( 'NONE', #666, 39.37007874015748143 ) ;
#1401 = CARTESIAN_POINT ( 'NONE',  ( 0.000000000000000000, 1.033307535223743967, 0.000000000000000000 ) ) ;
#1402 = EDGE_CURVE ( 'NONE', #1097, #1153, #60, .T. ) ;
#1403 = LINE ( 'NONE', #305, #319 ) ;
#1404 = VERTEX_POINT ( 'NONE', #840 ) ;
#1405 = CARTESIAN_POINT ( 'NONE',  ( 0.000000000000000000, 0.000000000000000000, 0.000000000000000000 ) ) ;
#1406 = DIRECTION ( 'NONE',  ( -1.214000825110214424E-16, 1.000000000000000000, -0.000000000000000000 ) ) ;
#1407 = PRESENTATION_LAYER_ASSIGNMENT (  '', '', ( #803 ) ) ;
#1408 = DIRECTION ( 'NONE',  ( 0.000000000000000000, 0.000000000000000000, -1.000000000000000000 ) ) ;
#1409 = CYLINDRICAL_SURFACE ( 'NONE', #79, 0.2809999999999999165 ) ;
#1410 = VERTEX_POINT ( 'NONE', #724 ) ;
#1411 = CARTESIAN_POINT ( 'NONE',  ( -0.5376717550978861171, 0.4238988508239149300, 0.02821224769640384017 ) ) ;
#1412 = CARTESIAN_POINT ( 'NONE',  ( 1.102686097215450244E-16, 0.1250000000000001665, 0.000000000000000000 ) ) ;
#1413 = CARTESIAN_POINT ( 'NONE',  ( -1.250000000000000222, 0.7250000000000001998, 0.000000000000000000 ) ) ;
#1414 = DIRECTION ( 'NONE',  ( -1.000000000000000000, -1.092739197465705041E-16, 0.000000000000000000 ) ) ;
#1415 = FACE_OUTER_BOUND ( 'NONE', #1379, .T. ) ;
#1416 = ORIENTED_EDGE ( 'NONE', *, *, #1422, .F. ) ;
#1417 = FACE_BOUND ( 'NONE', #328, .T. ) ;
#1418 = CARTESIAN_POINT ( 'NONE',  ( -0.7000000000000000666, 0.4247428627585752570, 0.1659999999999999531 ) ) ;
#1419 = CYLINDRICAL_SURFACE ( 'NONE', #316, 1.165000000000000480 ) ;
#1420 = DIRECTION ( 'NONE',  ( -1.000000000000000000, -1.214000825110214424E-16, 0.000000000000000000 ) ) ;
#1421 = EDGE_LOOP ( 'NONE', ( #473, #1051, #590, #1334 ) ) ;
#1422 = EDGE_CURVE ( 'NONE', #1171, #184, #1266, .T. ) ;
#1423 = APPLICATION_PROTOCOL_DEFINITION ( 'draft international standard', 'automotive_design', 1998, #500 ) ;
#1424 = VERTEX_POINT ( 'NONE', #847 ) ;
#1425 = EDGE_CURVE ( 'NONE', #134, #285, #1242, .T. ) ;
#1426 = FACE_OUTER_BOUND ( 'NONE', #1245, .T. ) ;
#1427 = CIRCLE ( 'NONE', #355, 0.06799999999999986611 ) ;
#1428 = CIRCLE ( 'NONE', #1210, 1.165000000000000480 ) ;
#1429 = ORIENTED_EDGE ( 'NONE', *, *, #25, .F. ) ;
ENDSEC;
END-ISO-10303-21;
